date,demand_units,day_of_week,month,temperature,rainfall,is_holiday,is_exam_week,menu_type,attendance_variation
2024-04-03,2818,Wednesday,4,31.0,0.0,0,0,regional_special,0.0057302789270306
2024-04-04,2614,Thursday,4,28.7,0.0,0,0,comfort_food,-0.0351291291271587
2024-04-05,2369,Friday,4,32.0,0.0,0,0,regular,-0.0608645529519968
2024-04-06,2101,Saturday,4,32.5,16.6,0,0,light_weekend,-0.0305395688178547
2024-04-07,2232,Sunday,4,27.4,0.0,0,0,light_weekend,-0.001670095635965
2024-04-08,2642,Monday,4,28.7,0.0,0,0,regular,-0.0736938747373144
2024-04-09,2593,Tuesday,4,31.4,0.0,0,0,regular,-0.0190512627295462
2024-04-10,2365,Wednesday,4,30.8,0.0,0,1,regional_special,-0.0686664561593549
2024-04-11,2293,Thursday,4,31.4,0.0,0,1,comfort_food,-0.067539929371991
2024-04-12,2072,Friday,4,30.0,0.0,0,1,regular,-0.083160325936585
2024-04-13,2279,Saturday,4,33.3,0.0,0,1,festive,-0.031952983503349
2024-04-14,1450,Sunday,4,33.2,0.0,1,1,light_weekend,-0.1796637160156648
2024-04-15,2537,Monday,4,32.1,0.0,0,1,protein_rich,-0.0168249151478288
2024-04-16,2161,Tuesday,4,34.1,0.0,0,1,regular,-0.0796105271914352
2024-04-17,2245,Wednesday,4,33.0,0.0,0,1,regional_special,-0.0623921725926687
2024-04-18,2258,Thursday,4,30.8,22.0,0,1,regular,-0.0609909667478293
2024-04-19,2152,Friday,4,33.1,0.0,0,1,regular,-0.0868784401809052
2024-04-20,2154,Saturday,4,30.8,0.0,0,1,festive,-0.0469195576210349
2024-04-21,2316,Sunday,4,34.3,0.0,0,1,festive,0.0153683407114349
2024-04-22,2511,Monday,4,32.7,0.0,0,1,protein_rich,-0.0546924532130885
2024-04-23,2291,Tuesday,4,32.6,0.0,0,1,regular,-0.0983143735460805
2024-04-24,2365,Wednesday,4,31.8,0.0,0,1,regional_special,-0.0615099120424304
2024-04-25,2211,Thursday,4,35.3,0.0,0,1,regular,-0.0558696586404806
2024-04-26,2069,Friday,4,33.0,0.0,0,1,regular,-0.1290446478467842
2024-04-27,2181,Saturday,4,32.6,0.0,0,1,festive,-0.0214261225236017
2024-04-28,1954,Sunday,4,32.8,9.3,0,1,light_weekend,-0.0296207022978108
2024-04-29,2509,Monday,4,34.5,0.0,0,1,protein_rich,-0.0242069715067358
2024-04-30,2604,Tuesday,4,34.3,0.0,0,1,regular,0.0180428290318239
2024-05-01,1552,Wednesday,5,34.5,0.0,1,1,regional_special,-0.1962111681190737
2024-05-02,2541,Thursday,5,34.7,0.0,0,1,comfort_food,-0.0092873091337201
2024-05-03,2291,Friday,5,37.8,0.0,0,1,regular,0.0380030077570014
2024-05-04,1933,Saturday,5,33.4,,0,1,light_weekend,-0.033464530837889
2024-05-05,1892,Sunday,5,33.3,0.0,0,1,light_weekend,-0.0542925427223554
2024-05-06,2977,Monday,5,32.8,0.0,0,0,regular,0.0340809102700966
2024-05-07,2765,Tuesday,5,35.5,0.0,0,0,regular,-0.0195732751688247
2024-05-08,2726,Wednesday,5,36.5,4.8,0,0,regional_special,0.0037690211823239
2024-05-09,2791,Thursday,5,34.4,0.0,0,0,comfort_food,-0.0226704675077409
2024-05-10,2634,Friday,5,33.1,22.5,0,0,comfort_food,0.0139294595147008
2024-05-11,2281,Saturday,5,33.3,8.8,0,0,light_weekend,-0.0228168180806937
2024-05-12,1969,Sunday,5,36.0,0.0,0,0,light_weekend,-0.0240424974951601
2024-05-13,2990,Monday,5,36.2,0.0,0,0,protein_rich,0.0344715652586926
2024-05-14,2455,Tuesday,5,36.0,0.0,0,0,regular,-0.0048199004273198
2024-05-15,2475,Wednesday,5,33.9,0.0,0,0,regional_special,-0.0674632397500861
2024-05-16,2576,Thursday,5,35.6,0.0,0,0,comfort_food,-0.0509444922459231
2024-05-17,2380,Friday,5,35.4,0.0,0,0,comfort_food,-0.0401543272011512
2024-05-18,2175,Saturday,5,35.7,0.0,0,0,light_weekend,-0.0309040167139891
2024-05-19,2193,Sunday,5,36.9,0.0,0,0,light_weekend,0.0145048165317523
2024-05-20,1838,Monday,5,35.8,0.0,1,0,protein_rich,-0.1523371403524927
2024-05-21,1676,Tuesday,5,36.7,0.0,1,0,regular,-0.142715221990528
2024-05-22,1696,Wednesday,5,35.7,0.0,1,0,regular,-0.153651936197038
2024-05-23,1578,Thursday,5,36.2,0.0,1,0,comfort_food,-0.1937825287837189
2024-05-24,1662,Friday,5,36.8,3.6,1,0,comfort_food,-0.1587061332989306
2024-05-25,1728,Saturday,5,33.1,0.0,1,0,festive,-0.1326612241817978
2024-05-26,1450,Sunday,5,35.2,0.0,1,0,light_weekend,-0.141522689019932
2024-05-27,1974,Monday,5,35.0,0.0,1,0,regular,-0.1478205522890965
2024-05-28,1716,Tuesday,5,34.8,0.0,1,0,comfort_food,-0.1668366621356103
2024-05-29,1896,Wednesday,5,35.5,0.0,1,0,regular,-0.135512484519895
2024-05-30,1450,Thursday,5,38.7,0.0,1,0,regular,-0.2621025884876189
2024-05-31,1653,Friday,5,34.5,0.0,1,0,comfort_food,-0.1901662110949157
2024-06-01,1716,Saturday,6,37.8,,1,0,festive,-0.1507026662978105
2024-06-02,1530,Sunday,6,33.1,7.3,1,0,light_weekend,-0.139656099288145
2024-06-03,1956,Monday,6,35.6,18.0,1,0,protein_rich,-0.105001175106723
2024-06-04,1624,Tuesday,6,36.5,0.0,1,0,regular,-0.2307562779573592
2024-06-05,1846,Wednesday,6,37.3,12.4,1,0,regional_special,-0.1306091489047753
2024-06-06,1499,Thursday,6,37.6,0.0,1,0,regular,-0.2210005815109194
2024-06-07,1550,Friday,6,37.7,0.0,1,0,regular,-0.2199425335946288
2024-06-08,1545,Saturday,6,35.7,0.0,1,0,light_weekend,-0.1881999995814577
2024-06-09,1620,Sunday,6,35.5,0.0,1,0,festive,
2024-06-10,1751,Monday,6,37.9,0.0,1,0,protein_rich,-0.2145446047900907
2024-06-11,1796,Tuesday,6,36.1,0.0,1,0,regular,-0.1572542709277601
2024-06-12,1636,Wednesday,6,34.1,0.0,1,0,regular,-0.1562209151345689
2024-06-13,1839,Thursday,6,34.4,0.0,1,0,comfort_food,-0.1431085441342715
2024-06-14,1725,Friday,6,34.8,0.0,1,0,regular,-0.0893587865772694
2024-06-15,1593,Saturday,6,37.3,9.5,1,0,festive,-0.1413853950240357
2024-06-16,1502,Sunday,6,36.6,0.0,1,0,light_weekend,-0.1810649507715925
2024-06-17,1823,Monday,6,37.5,0.0,1,0,regular,-0.1209201595486037
2024-06-18,1450,Tuesday,6,35.4,0.0,1,0,regular,-0.2791985673921626
2024-06-19,1746,Wednesday,6,36.4,0.0,1,0,regional_special,-0.2134930522146186
2024-06-20,1557,Thursday,6,37.2,0.0,1,0,regular,-0.179806070502287
2024-06-21,1503,Friday,6,35.5,9.0,1,0,regular,-0.2179949582220426
2024-06-22,2031,Saturday,6,36.8,9.9,1,0,festive,-0.0039613163527009
2024-06-23,1450,Sunday,6,34.7,7.7,1,0,light_weekend,-0.1844126437729468
2024-06-24,1690,Monday,6,35.2,0.0,1,0,protein_rich,-0.1830190138077364
2024-06-25,1760,Tuesday,6,35.1,0.0,1,0,regular,-0.1777435875864064
2024-06-26,2028,Wednesday,6,33.5,0.0,1,0,regional_special,-0.0411679549474168
2024-06-27,1797,Thursday,6,36.5,8.9,1,0,comfort_food,-0.188269325576085
2024-06-28,1548,Friday,6,34.7,0.0,1,0,regular,-0.1958618156889057
2024-06-29,1484,Saturday,6,35.5,0.0,1,0,light_weekend,-0.1858017720828855
2024-06-30,1478,Sunday,6,36.2,8.7,1,0,light_weekend,-0.1802602721325956
2024-07-01,1648,Monday,7,36.1,20.3,1,0,protein_rich,-0.2209111847867047
2024-07-02,1700,Tuesday,7,36.4,25.9,1,0,regular,-0.1651956128713552
2024-07-03,1746,Wednesday,7,34.9,0.0,1,0,regional_special,-0.1957850430306378
2024-07-04,1688,Thursday,7,34.2,31.9,1,0,regular,-0.1461962723816132
2024-07-05,1694,Friday,7,34.8,0.0,1,0,regular,-0.1593131283525133
2024-07-06,2729,Saturday,7,31.8,0.0,0,0,festive,0.0809523241476879
2024-07-07,2041,Sunday,7,32.1,0.0,0,0,light_weekend,-0.0353851327800218
2024-07-08,2918,Monday,7,32.3,0.0,0,0,protein_rich,0.00700146755844
2024-07-09,2592,Tuesday,7,32.7,0.0,0,0,regular,-0.0434860470610093
2024-07-10,2603,Wednesday,7,35.2,0.0,0,0,regular,-0.0246816923125264
2024-07-11,2745,Thursday,7,32.7,31.4,0,0,comfort_food,0.0342236898578007
2024-07-12,2711,Friday,7,33.5,0.0,0,0,comfort_food,0.0520621702272873
2024-07-13,2486,Saturday,7,36.5,8.7,0,0,festive,-0.000184665318156
2024-07-14,1990,Sunday,7,33.4,0.0,0,0,light_weekend,-0.0669520996137679
2024-07-15,2885,Monday,7,35.2,0.0,0,0,protein_rich,0.0173331514791617
2024-07-16,2786,Tuesday,7,32.1,0.0,0,0,regular,0.0204961974633423
2024-07-17,2433,Wednesday,7,33.3,0.0,0,0,regional_special,-0.0615933592237772
2024-07-18,2489,Thursday,7,31.9,22.7,0,0,comfort_food,-0.0561050028534953
2024-07-19,2591,Friday,7,32.8,23.5,0,0,regular,0.017136915035534
2024-07-20,2383,Saturday,7,34.8,6.6,0,0,festive,-0.0282163499121273
2024-07-21,2624,Sunday,7,30.1,0.0,0,0,festive,0.0243620907851395
2024-07-22,2970,Monday,7,33.9,13.4,0,0,protein_rich,0.0256732132995594
2024-07-23,2757,Tuesday,7,33.4,15.5,0,0,regular,0.0145483089476591
2024-07-24,2702,Wednesday,7,31.8,20.4,0,0,regional_special,-0.0049601333440341
2024-07-25,2520,Thursday,7,30.1,43.1,0,0,regular,-0.0399514851666635
2024-07-26,2543,Friday,7,32.7,11.8,0,0,regular,0.0295599800900767
2024-07-27,2247,Saturday,7,31.5,20.7,0,0,light_weekend,0.0099822074228015
2024-07-28,2009,Sunday,7,32.8,0.0,0,0,light_weekend,-0.0226455817683011
2024-07-29,2763,Monday,7,32.3,0.0,0,0,regular,0.0013203013838783
2024-07-30,2504,Tuesday,7,35.0,18.7,0,0,regular,0.0134109157929667
2024-07-31,2827,Wednesday,7,31.5,,0,0,regional_special,0.0601383034507983
2024-08-01,2902,Thursday,8,30.0,0.0,0,0,comfort_food,0.0275213283902052
2024-08-02,2700,Friday,8,32.0,36.8,0,0,regular,0.024809489958388
2024-08-03,2303,Saturday,8,32.0,10.1,0,0,light_weekend,-0.021371258870487
2024-08-04,2205,Sunday,8,33.9,28.2,0,0,light_weekend,-0.023146401718925
2024-08-05,2815,Monday,8,32.8,25.4,0,0,regular,-0.0088382997484546
2024-08-06,2651,Tuesday,8,31.8,0.0,0,0,regular,-0.0050250426323357
2024-08-07,2571,Wednesday,8,33.6,0.0,0,0,regional_special,-0.0352808735231011
2024-08-08,2865,Thursday,8,28.7,20.0,0,0,regular,0.0443076769294886
2024-08-09,2655,Friday,8,29.6,0.0,0,0,regular,0.0309173073215577
2024-08-10,2688,Saturday,8,28.9,50.5,0,0,festive,-0.0089487251455527
2024-08-11,2547,Sunday,8,29.8,22.5,0,0,festive,0.0624598727154848
2024-08-12,3138,Monday,8,27.8,0.0,0,0,protein_rich,0.0278014707051343
2024-08-13,2755,Tuesday,8,31.3,25.6,0,0,regular,0.0242939793325981
2024-08-14,2664,Wednesday,8,29.6,23.5,0,0,regular,-0.047050749323397
2024-08-15,1848,Thursday,8,27.2,19.8,1,0,comfort_food,-0.1850981375619102
2024-08-16,2477,Friday,8,27.9,0.0,0,0,regular,-0.0020313484767028
2024-08-17,2219,Saturday,8,30.2,33.2,0,0,light_weekend,0.0095274734864077
2024-08-18,2347,Sunday,8,31.0,34.6,0,0,festive,0.0036046839586253
2024-08-19,2434,Monday,8,32.9,13.0,0,0,regular,-0.0874975753428838
2024-08-20,2702,Tuesday,8,34.4,19.5,0,0,comfort_food,-0.0378594901189022
2024-08-21,2654,Wednesday,8,29.8,14.7,0,0,regular,-0.0021366794998817
2024-08-22,2697,Thursday,8,27.1,0.0,0,0,comfort_food,0.0022359478926166
2024-08-23,2713,Friday,8,24.9,0.0,0,0,regular,0.0589311842918744
2024-08-24,2538,Saturday,8,29.1,0.0,0,0,festive,0.0603961254230334
2024-08-25,2234,Sunday,8,27.0,0.0,0,0,light_weekend,0.0028535597731021
2024-08-26,2912,Monday,8,27.6,7.4,0,0,protein_rich,0.0188663053126496
2024-08-27,2891,Tuesday,8,27.1,25.5,0,0,comfort_food,0.0378964183759392
2024-08-28,2656,Wednesday,8,27.8,42.5,0,0,regional_special,-0.0469038658255103
2024-08-29,2754,Thursday,8,29.8,20.2,0,0,regular,-0.0049099325709209
2024-08-30,2464,Friday,8,28.0,0.0,0,0,regular,-0.0381240342048405
2024-08-31,2095,Saturday,8,27.3,39.5,0,0,light_weekend,0.0279117117043356
2024-09-01,2518,Sunday,9,25.6,0.0,0,0,festive,0.0537374627950564
2024-09-02,2830,Monday,9,24.3,16.1,0,0,protein_rich,-0.0047633153601381
2024-09-03,2531,Tuesday,9,26.3,35.3,0,0,regular,-0.0194559253611407
2024-09-04,2799,Wednesday,9,,17.9,0,0,regional_special,0.0178377767122198
2024-09-05,2596,Thursday,9,30.1,20.2,0,0,regular,-0.0087751619452796
2024-09-06,2775,Friday,9,27.0,16.3,0,0,regular,0.1307998672315568
2024-09-07,2245,Saturday,9,28.4,13.9,0,0,light_weekend,-0.0228995790094516
2024-09-08,2411,Sunday,9,25.6,27.5,0,0,light_weekend,0.1710565224897594
2024-09-09,2812,Monday,9,24.2,0.0,0,0,protein_rich,0.007468100227626
2024-09-10,2544,Tuesday,9,24.4,28.0,0,0,regular,
2024-09-11,2586,Wednesday,9,24.7,27.7,0,0,regular,-0.0508121614269392
2024-09-12,2707,Thursday,9,29.7,0.0,0,0,comfort_food,0.0027174201784509
2024-09-13,2494,Friday,9,24.3,21.1,0,0,regular,-0.0063428203577167
2024-09-14,2561,Saturday,9,27.1,0.0,0,0,festive,0.0287423077975312
2024-09-15,2117,Sunday,9,23.9,0.0,0,0,light_weekend,0.0069569737121051
2024-09-16,2991,Monday,9,27.0,47.6,0,0,protein_rich,0.0122800791957564
2024-09-17,2787,Tuesday,9,25.9,23.9,0,0,regular,0.0245547915179164
2024-09-18,2811,Wednesday,9,24.8,23.5,0,0,regional_special,0.0193454975314916
2024-09-19,2676,Thursday,9,24.9,0.0,0,0,comfort_food,-0.0084234597522502
2024-09-20,2379,Friday,9,23.9,0.0,0,0,comfort_food,-0.0198449417579434
2024-09-21,2437,Saturday,9,25.8,0.0,0,0,festive,0.0034629525537146
2024-09-22,2373,Sunday,9,24.2,29.0,0,0,festive,0.0132395222431671
2024-09-23,2604,Monday,9,22.9,31.5,0,0,regular,-0.00906224667022
2024-09-24,2445,Tuesday,9,22.8,0.0,0,0,regular,-0.0275200142578368
2024-09-25,2480,Wednesday,9,25.4,0.0,0,0,regular,0.0033619998691105
2024-09-26,2458,Thursday,9,27.9,34.3,0,0,comfort_food,-0.0477409837269152
2024-09-27,2352,Friday,9,25.4,19.2,0,0,regular,-0.0581347161152457
2024-09-28,2608,Saturday,9,24.9,36.3,0,0,festive,0.0517292142302678
2024-09-29,1993,Sunday,9,25.7,0.0,0,0,light_weekend,-0.0166045108378045
2024-09-30,2865,Monday,9,27.5,0.0,0,0,protein_rich,-0.0092961778628361
2024-10-01,2492,Tuesday,10,25.6,31.7,0,0,regular,-0.0483346499454103
2024-10-02,1694,Wednesday,10,24.5,42.9,1,0,regular,-0.192043740884436
2024-10-03,2772,Thursday,10,27.2,33.1,0,0,comfort_food,0.0359717699013788
2024-10-04,2532,Friday,10,26.0,31.7,0,0,regular,-0.024157585135215
2024-10-05,2607,Saturday,10,28.0,34.1,0,0,festive,0.0188052818868096
2024-10-06,2055,Sunday,10,25.6,16.7,0,0,light_weekend,0.0375071143961175
2024-10-07,2623,Monday,10,23.1,35.9,0,0,protein_rich,-0.0597155996525409
2024-10-08,2692,Tuesday,10,22.9,21.6,0,0,regular,0.0688404025019433
2024-10-09,1881,Wednesday,10,28.3,,1,0,regular,-0.094456489418577
2024-10-10,1466,Thursday,10,28.5,0.0,1,0,comfort_food,-0.2747218135297029
2024-10-11,1482,Friday,10,25.1,0.0,1,0,regular,-0.2512116539613303
2024-10-12,1450,Saturday,10,24.8,0.0,1,0,light_weekend,-0.2051631461154347
2024-10-13,1611,Sunday,10,28.1,0.0,1,0,festive,-0.1492670119816656
2024-10-14,1831,Monday,10,23.5,0.0,1,0,protein_rich,-0.1746434774365573
2024-10-15,2783,Tuesday,10,23.9,20.7,0,0,regular,0.0284115684467775
2024-10-16,2578,Wednesday,10,26.7,0.0,0,0,regular,-0.0039399467438796
2024-10-17,2563,Thursday,10,24.9,6.7,0,0,comfort_food,-0.0318817524969984
2024-10-18,2527,Friday,10,25.6,20.4,0,0,regular,-0.0060264806453293
2024-10-19,2687,Saturday,10,25.4,42.4,0,0,festive,0.0319174482936843
2024-10-20,2266,Sunday,10,26.3,0.0,0,0,festive,-0.0014302464717848
2024-10-21,2707,Monday,10,28.3,0.0,0,0,protein_rich,-0.0376181791139493
2024-10-22,3092,Tuesday,10,25.9,22.6,0,0,regular,0.0697459980292362
2024-10-23,2575,Wednesday,10,27.0,0.0,0,0,regular,-0.0224849337897952
2024-10-24,2372,Thursday,10,22.2,16.7,0,0,regular,-0.0048073545421832
2024-10-25,2446,Friday,10,25.8,,0,0,regular,-0.013922839203895
2024-10-26,1982,Saturday,10,24.4,0.0,0,0,light_weekend,0.0191830696428749
2024-10-27,2619,Sunday,10,23.8,0.0,0,0,festive,0.1020476473081865
2024-10-28,3014,Monday,10,24.4,0.0,0,0,protein_rich,0.0402976844605249
2024-10-29,2488,Tuesday,10,25.5,15.7,0,0,comfort_food,-0.0531427801638996
2024-10-30,2580,Wednesday,10,27.8,22.2,0,0,regional_special,-0.0484443199452985
2024-10-31,2668,Thursday,10,23.8,0.0,0,0,comfort_food,-0.013963767136442
2024-11-01,1478,Friday,11,26.3,0.0,1,0,comfort_food,-0.1893881619836643
2024-11-02,1450,Saturday,11,25.4,0.0,1,0,light_weekend,-0.240268294434131
2024-11-03,1450,Sunday,11,25.7,8.1,1,0,light_weekend,-0.1513230677938945
2024-11-04,2613,Monday,11,28.1,12.2,0,0,regular,-0.0380212195258517
2024-11-05,2699,Tuesday,11,27.4,45.0,0,0,regular,0.0222655546744014
2024-11-06,2825,Wednesday,11,28.8,,0,0,regional_special,0.0637221409022002
2024-11-07,2665,Thursday,11,26.2,5.5,0,0,comfort_food,-0.0086888736421262
2024-11-08,2549,Friday,11,25.3,0.0,0,0,regular,0.0153640424146364
2024-11-09,2156,Saturday,11,26.2,0.0,0,0,light_weekend,-0.043118152772947
2024-11-10,1892,Sunday,11,27.1,20.0,0,1,light_weekend,-0.0381713285732309
2024-11-11,2509,Monday,11,27.0,22.8,0,1,protein_rich,-0.0574367348202029
2024-11-12,2052,Tuesday,11,24.8,27.9,0,1,regular,-0.1024032362555923
2024-11-13,2382,Wednesday,11,27.0,0.0,0,1,regional_special,-0.0701267245888544
2024-11-14,2211,Thursday,11,27.3,7.2,0,1,regular,-0.0763011802941877
2024-11-15,2182,Friday,11,31.4,0.0,0,1,regular,-0.0713805791051314
2024-11-16,2459,Saturday,11,30.3,0.0,0,1,festive,0.0132387965985725
2024-11-17,2009,Sunday,11,25.5,,0,1,festive,-0.0525857657422506
2024-11-18,2805,Monday,11,26.5,0.0,0,1,protein_rich,0.0207258049920856
2024-11-19,2282,Tuesday,11,24.5,0.0,0,1,regular,-0.1063770871488873
2024-11-20,2557,Wednesday,11,26.1,0.0,0,1,regional_special,-0.0034599404387491
2024-11-21,2118,Thursday,11,27.8,7.8,0,1,regular,-0.0955778717667342
2024-11-22,2037,Friday,11,29.5,0.0,0,1,regular,-0.0600354631387815
2024-11-23,2307,Saturday,11,26.0,,0,1,festive,-0.0371568639717306
2024-11-24,1801,Sunday,11,26.2,0.0,0,1,light_weekend,-0.0720305035038249
2024-11-25,2336,Monday,11,23.6,0.0,0,1,regular,-0.0319524967275557
2024-11-26,2553,Tuesday,11,27.2,17.2,0,1,regular,-0.0075060620969916
2024-11-27,2303,Wednesday,11,25.7,0.0,0,1,regular,-0.0183316353265525
2024-11-28,2198,Thursday,11,26.7,0.0,0,1,regular,-0.0741699716319646
2024-11-29,2249,Friday,11,26.1,4.8,0,1,regular,-0.0535510672158406
2024-11-30,2126,Saturday,11,27.6,0.0,0,1,festive,-0.0473727255783926
2024-12-01,1992,Sunday,12,24.6,0.0,0,0,light_weekend,-0.0347042609401143
2024-12-02,2878,Monday,12,25.2,0.0,0,0,protein_rich,-0.0201205317005034
2024-12-03,2680,Tuesday,12,31.8,0.0,0,0,regular,-0.0153150657444445
2024-12-04,2846,Wednesday,12,25.7,17.0,0,0,regional_special,0.0087361970855229
2024-12-05,2584,Thursday,12,26.1,0.0,0,0,comfort_food,-0.0669135305913026
2024-12-06,2567,Friday,12,31.4,0.0,0,0,regular,-0.0016223795903268
2024-12-07,2159,Saturday,12,33.4,0.0,0,0,light_weekend,0.0530608793592333
2024-12-08,2093,Sunday,12,26.1,0.0,0,0,light_weekend,0.0392668874175943
2024-12-09,2950,Monday,12,27.6,,0,0,protein_rich,-0.0004814426784333
2024-12-10,2439,Tuesday,12,29.0,0.0,0,0,regular,-0.0488905518248975
2024-12-11,2766,Wednesday,12,31.5,26.8,0,0,regional_special,0.0133940607262689
2024-12-12,2489,Thursday,12,26.7,4.2,0,0,comfort_food,-0.0811099887572625
2024-12-13,2795,Friday,12,28.1,0.0,0,0,regular,0.0388553940558937
2024-12-14,2173,Saturday,12,29.9,0.0,0,0,light_weekend,-0.0074755610259134
2024-12-15,2219,Sunday,12,29.3,0.0,0,0,light_weekend,0.064095511220209
2024-12-16,2769,Monday,12,27.8,0.0,0,0,protein_rich,-0.0404437919951763
2024-12-17,2875,Tuesday,12,28.3,0.0,0,0,comfort_food,0.0321351178822741
2024-12-18,2618,Wednesday,12,26.0,0.0,0,0,regular,-0.0035178092884969
2024-12-19,2761,Thursday,12,28.1,0.0,0,0,comfort_food,-0.0115867686015228
2024-12-20,1480,Friday,12,28.0,0.0,1,0,regular,-0.227944521282425
2024-12-21,1757,Saturday,12,28.9,0.0,1,0,festive,-0.1191488232650899
2024-12-22,1450,Sunday,12,27.5,0.0,1,0,light_weekend,-0.1563351915328099
2024-12-23,2003,Monday,12,29.3,0.0,1,0,protein_rich,-0.0975205269311938
2024-12-24,1911,Tuesday,12,30.3,0.0,1,0,comfort_food,-0.1447182407998792
2024-12-25,1731,Wednesday,12,28.8,0.0,1,0,regional_special,-0.2007863365134507
2024-12-26,1722,Thursday,12,29.1,0.0,1,0,comfort_food,-0.215135190426613
2024-12-27,1565,Friday,12,28.6,0.0,1,0,regular,-0.2278972001732835
2024-12-28,1839,Saturday,12,28.5,0.0,1,0,festive,-0.0884371479026185
2024-12-29,1508,Sunday,12,27.2,0.0,1,0,festive,-0.1672360999497253
2024-12-30,1839,Monday,12,29.1,0.0,1,0,regular,-0.1281919545860042
2024-12-31,1872,Tuesday,12,28.3,0.0,1,0,regular,-0.1616224785698276
2025-01-01,1790,Wednesday,1,32.3,0.9,1,0,regular,-0.1684533991442113
2025-01-02,1619,Thursday,1,31.3,0.0,1,0,comfort_food,-0.1907403909396104
2025-01-03,1973,Friday,1,29.2,0.0,1,0,regular,-0.0238364941030708
2025-01-04,1486,Saturday,1,27.1,0.0,1,0,festive,-0.140541476699288
2025-01-05,1450,Sunday,1,26.5,0.0,1,0,light_weekend,-0.1929224652014083
2025-01-06,3104,Monday,1,30.6,6.8,0,0,protein_rich,0.044360167532687
2025-01-07,2679,Tuesday,1,29.0,0.0,0,0,regular,-0.0050390238227395
2025-01-08,2690,Wednesday,1,29.4,0.0,0,0,regional_special,-0.0279417172558589
2025-01-09,2402,Thursday,1,25.4,0.0,0,0,regular,0.0209939371411227
2025-01-10,2531,Friday,1,30.2,0.0,0,0,regular,-0.0022394979469997
2025-01-11,2306,Saturday,1,29.3,0.0,0,0,light_weekend,0.0171118504115231
2025-01-12,2116,Sunday,1,26.5,0.0,0,0,light_weekend,-0.0158850950423965
2025-01-13,2906,Monday,1,27.7,0.0,0,0,protein_rich,-0.0223192456638334
2025-01-14,2849,Tuesday,1,29.0,0.0,0,0,regular,0.0607275886879996
2025-01-15,2807,Wednesday,1,28.6,0.0,0,0,regular,0.0541313993767251
2025-01-16,2673,Thursday,1,28.0,0.0,0,0,comfort_food,0.0309324736441686
2025-01-17,2518,Friday,1,28.3,0.0,0,0,regular,-0.0135733739880995
2025-01-18,2108,Saturday,1,28.0,0.0,0,0,light_weekend,-0.0105111290606375
2025-01-19,2484,Sunday,1,28.8,0.0,0,0,festive,0.0883814606063762
2025-01-20,2824,Monday,1,31.1,0.0,0,0,protein_rich,0.0076159486851405
2025-01-21,2698,Tuesday,1,23.9,0.0,0,0,regular,-0.0221394612721554
2025-01-22,2914,Wednesday,1,28.1,0.0,0,0,regional_special,0.0655282136472758
2025-01-23,2664,Thursday,1,28.8,0.0,0,0,regular,-0.0016687188564855
2025-01-24,2686,Friday,1,29.0,2.1,0,0,regular,0.0618948864979846
2025-01-25,1973,Saturday,1,,0.0,0,0,light_weekend,-0.04894371687415
2025-01-26,1693,Sunday,1,25.3,0.0,1,0,festive,-0.1218635291025424
2025-01-27,2800,Monday,1,29.1,11.8,0,0,regular,0.0724878909725815
2025-01-28,2659,Tuesday,1,31.6,,0,0,regular,0.0010412760630601
2025-01-29,2606,Wednesday,1,25.7,0.0,0,0,regular,-0.0092401572293728
2025-01-30,2561,Thursday,1,,0.0,0,0,regular,-0.0408713171159446
2025-01-31,2604,Friday,1,27.9,0.0,0,0,regular,0.0378820069052336
2025-02-01,2022,Saturday,2,28.4,0.0,0,0,light_weekend,-0.026954482892424
2025-02-02,2037,Sunday,2,26.6,0.0,0,0,light_weekend,-0.0033182995786495
2025-02-03,2761,Monday,2,27.9,5.3,0,0,protein_rich,-0.0232075797927414
2025-02-04,2785,Tuesday,2,30.8,8.9,0,0,regular,0.0544913110034101
2025-02-05,2867,Wednesday,2,29.5,0.0,0,0,regular,0.0404209858753989
2025-02-06,2597,Thursday,2,31.6,0.0,0,0,comfort_food,-0.0011054662224595
2025-02-07,2542,Friday,2,30.6,13.5,0,0,comfort_food,-0.0403952127455424
2025-02-08,2373,Saturday,2,29.3,0.0,0,0,light_weekend,0.0537567467234921
2025-02-09,2574,Sunday,2,31.6,0.0,0,0,festive,0.0271923895533498
2025-02-10,2828,Monday,2,29.3,0.0,0,0,protein_rich,-0.0186821694286131
2025-02-11,2604,Tuesday,2,30.0,0.0,0,0,regular,-0.061674130436539
2025-02-12,2680,Wednesday,2,28.0,,0,0,regional_special,-0.0226087796162821
2025-02-13,2602,Thursday,2,28.6,0.0,0,0,comfort_food,-0.0509123342885478
2025-02-14,2372,Friday,2,27.2,0.0,0,0,regular,-0.0217987292782988
2025-02-15,2073,Saturday,2,30.3,0.0,0,0,light_weekend,0.02605430567942
2025-02-16,2495,Sunday,2,26.4,0.0,0,0,festive,0.0268609942608668
2025-02-17,3024,Monday,2,,12.6,0,0,protein_rich,0.0324492683739798
2025-02-18,2728,Tuesday,2,28.2,0.0,0,0,comfort_food,-0.0253167130836281
2025-02-19,2307,Wednesday,2,30.6,25.0,0,0,regular,-0.1213839840261706
2025-02-20,2955,Thursday,2,29.9,0.0,0,0,regular,0.0672315287730107
2025-02-21,2290,Friday,2,31.8,10.4,0,0,regular,-0.0938844642480246
2025-02-22,2714,Saturday,2,29.8,0.0,0,0,festive,0.053455030316688
2025-02-23,2029,Sunday,2,25.7,0.0,0,0,light_weekend,-0.0547934529613953
2025-02-24,3252,Monday,2,28.4,0.0,0,0,protein_rich,0.0732037142845904
2025-02-25,2602,Tuesday,2,26.4,0.0,0,0,regular,-0.0167022320130702
2025-02-26,2795,Wednesday,2,27.6,0.0,0,0,regional_special,0.0367686777467275
2025-02-27,2564,Thursday,2,31.2,0.0,0,0,comfort_food,-0.0043113103515616
2025-02-28,2757,Friday,2,29.6,0.0,0,0,regular,0.0214052777757282
2025-03-01,2313,Saturday,3,27.2,0.0,0,0,light_weekend,0.023485434952385
2025-03-02,2118,Sunday,3,26.7,0.0,0,0,light_weekend,-0.015835411882945
2025-03-03,3154,Monday,3,28.6,0.0,0,0,regular,0.0382167252516648
2025-03-04,2681,Tuesday,3,26.3,0.0,0,0,comfort_food,-0.0265644702397584
2025-03-05,2626,Wednesday,3,27.3,14.0,0,0,regular,0.027227697700964
2025-03-06,2649,Thursday,3,29.1,0.0,0,0,comfort_food,-0.0136571852958285
2025-03-07,2519,Friday,3,30.6,0.0,0,0,regular,0.0122345282021221
2025-03-08,1639,Saturday,3,29.6,0.0,1,0,festive,-0.1561697550823991
2025-03-09,2042,Sunday,3,24.4,0.0,0,0,light_weekend,0.0017491591147308
2025-03-10,2595,Monday,3,29.0,0.0,0,0,protein_rich,-0.0860390758993989
2025-03-11,2608,Tuesday,3,28.6,0.0,0,0,regular,0.0086644944641077
2025-03-12,2896,Wednesday,3,29.2,0.0,0,0,regional_special,0.0015465742235855
2025-03-13,2677,Thursday,3,31.4,4.5,0,0,comfort_food,-0.0189053743925365
2025-03-14,2489,Friday,3,24.8,0.0,0,0,regular,-0.0019259788236603
2025-03-15,2303,Saturday,3,27.4,0.0,0,0,light_weekend,0.0046901566658768
2025-03-16,2131,Sunday,3,29.6,0.0,0,0,light_weekend,-0.0215724968642789
2025-03-17,2921,Monday,3,25.7,0.0,0,0,protein_rich,0.0154934498494615
2025-03-18,2666,Tuesday,3,31.2,0.0,0,0,regular,-0.0351943179313222
2025-03-19,2995,Wednesday,3,29.2,0.0,0,0,regional_special,0.0821006563636352
2025-03-20,2860,Thursday,3,30.0,0.0,0,0,comfort_food,0.0370691531072864
2025-03-21,2650,Friday,3,27.5,0.0,0,0,regular,0.0095582936971042
2025-03-22,2762,Saturday,3,30.1,0.0,0,0,festive,0.0810239524616843
2025-03-23,1970,Sunday,3,30.7,0.0,0,0,light_weekend,-0.0692738366839322
2025-03-24,2663,Monday,3,29.3,0.0,0,0,regular,-0.0895187908241902
2025-03-25,2625,Tuesday,3,29.5,0.0,0,0,regular,-0.0139751871612467
2025-03-26,2581,Wednesday,3,29.7,0.0,0,0,regular,-0.0482497450260738
2025-03-27,2660,Thursday,3,27.8,0.0,0,0,regular,-0.0082811933556915
2025-03-28,2537,Friday,3,29.2,0.0,0,0,regular,0.0071979824208214
2025-03-29,2657,Saturday,3,29.3,0.0,0,0,festive,0.0722145074419214
2025-03-30,2397,Sunday,3,30.4,0.0,0,0,festive,0.0001607605503675
2025-03-31,2950,Monday,3,31.7,0.0,0,0,protein_rich,0.0339870740156025
2025-04-01,2580,Tuesday,4,28.1,0.0,0,0,regular,0.0005036392603281
2025-04-02,2654,Wednesday,4,29.9,0.0,0,0,regular,0.0121628258476579
2025-04-03,2364,Thursday,4,32.9,0.0,0,0,comfort_food,-0.1336353829318506
2025-04-04,2803,Friday,4,29.1,0.0,0,0,regular,0.0484097298951742
2025-04-05,2278,Saturday,4,29.1,0.0,0,0,light_weekend,-0.0036228026950404
2025-04-06,2049,Sunday,4,31.0,0.0,0,0,light_weekend,0.0620963778226319
2025-04-07,2760,Monday,4,32.3,0.0,0,0,regular,-0.0276636028788778
2025-04-08,2726,Tuesday,4,31.0,14.4,0,0,regular,0.0259989568984443
2025-04-09,2790,Wednesday,4,33.5,0.0,0,0,regional_special,-0.0020883968196185
2025-04-10,2263,Thursday,4,32.7,0.0,0,1,regular,
2025-04-11,2259,Friday,4,32.8,0.0,0,1,regular,-0.0378689630836358
2025-04-12,1906,Saturday,4,32.5,0.0,0,1,light_weekend,-0.0704710717716356
2025-04-13,1631,Sunday,4,35.8,0.0,0,1,light_weekend,-0.1531687868005065
2025-04-14,1450,Monday,4,31.3,0.0,1,1,regular,-0.3472003843111008
2025-04-15,2447,Tuesday,4,28.2,0.0,0,1,regular,-0.0154652243900582
2025-04-16,2571,Wednesday,4,34.8,0.0,0,1,regional_special,-0.0169409539742106
2025-04-17,2582,Thursday,4,31.3,0.0,0,1,comfort_food,
2025-04-18,2323,Friday,4,32.4,0.0,0,1,comfort_food,-0.0606134886898762
2025-04-19,2021,Saturday,4,34.7,0.0,0,1,festive,-0.0652422180699262
2025-04-20,1914,Sunday,4,29.6,0.0,0,1,light_weekend,-0.074685434492785
2025-04-21,2518,Monday,4,30.3,0.0,0,1,protein_rich,-0.039600141962354
2025-04-22,2311,Tuesday,4,29.8,0.0,0,1,regular,-0.0952463378499788
2025-04-23,2374,Wednesday,4,31.4,0.0,0,1,regular,-0.0022998846959146
2025-04-24,2432,Thursday,4,33.7,0.0,0,1,comfort_food,0.0183826007875308
2025-04-25,2215,Friday,4,34.0,0.0,0,1,comfort_food,-0.1512537930105076
2025-04-26,1854,Saturday,4,33.6,0.0,0,1,light_weekend,-0.0603802311344368
2025-04-27,1856,Sunday,4,30.7,0.0,0,1,light_weekend,-0.1053238442466051
2025-04-28,2710,Monday,4,29.2,0.0,0,1,protein_rich,0.0141251863654618
2025-04-29,2355,Tuesday,4,33.6,0.0,0,1,comfort_food,-0.0573292616202833
2025-04-30,2355,Wednesday,4,32.7,0.0,0,1,regional_special,-0.0701207539443714
2025-05-01,1450,Thursday,5,34.5,0.0,1,1,regular,-0.2231589068963911
2025-05-02,2154,Friday,5,35.1,0.0,0,1,regular,-0.0804999035146215
2025-05-03,1853,Saturday,5,34.1,0.0,0,1,light_weekend,-0.0548593689407363
2025-05-04,1690,Sunday,5,35.4,0.0,0,1,light_weekend,-0.1104863397795981
2025-05-05,2727,Monday,5,34.5,0.0,0,1,protein_rich,-0.0019519483761647
2025-05-06,2695,Tuesday,5,35.1,,0,0,regular,-0.0036543864397485
2025-05-07,2743,Wednesday,5,33.0,0.0,0,0,regional_special,0.0405580301221904
2025-05-08,2755,Thursday,5,34.1,0.0,0,0,comfort_food,-0.0070397662244566
2025-05-09,2543,Friday,5,34.8,0.0,0,0,regular,-0.0047669898074392
2025-05-10,2454,Saturday,5,36.0,0.0,0,0,festive,-0.0024311099902185
2025-05-11,2651,Sunday,5,33.9,0.0,0,0,festive,0.066591494055635
2025-05-12,2652,Monday,5,35.7,0.0,0,0,regular,-0.0306543983908082
2025-05-13,2606,Tuesday,5,34.3,0.0,0,0,comfort_food,-0.017024783061973
2025-05-14,2901,Wednesday,5,34.7,0.0,0,0,regional_special,3.665151288878832e-05
2025-05-15,2668,Thursday,5,36.5,10.8,0,0,comfort_food,0.0042428464291274
2025-05-16,2410,Friday,5,31.5,0.0,0,0,regular,-0.0597133929076215
2025-05-17,2186,Saturday,5,32.8,0.0,0,0,light_weekend,-0.0080782052920805
2025-05-18,2691,Sunday,5,32.6,0.0,0,0,festive,0.0678330576525299
2025-05-19,2869,Monday,5,31.1,0.0,0,0,protein_rich,0.0067581687916634
2025-05-20,1579,Tuesday,5,34.1,0.0,1,0,regular,-0.1878656113974662
2025-05-21,1667,Wednesday,5,36.8,0.0,1,0,regional_special,-0.1743157882205045
2025-05-22,1814,Thursday,5,35.0,0.0,1,0,comfort_food,-0.1844086151391449
2025-05-23,1933,Friday,5,35.9,0.0,1,0,comfort_food,-0.07270766398938
2025-05-24,1450,Saturday,5,37.6,0.0,1,0,light_weekend,-0.1812721143283416
2025-05-25,1736,Sunday,5,38.1,0.0,1,0,festive,-0.1052074390497936
2025-05-26,1735,Monday,5,35.6,0.0,1,0,regular,-0.2167911581543481
2025-05-27,1603,Tuesday,5,38.2,0.0,1,0,regular,-0.1931068661320036
2025-05-28,1561,Wednesday,5,36.0,0.0,1,0,regular,-0.2283570963377277
2025-05-29,1819,Thursday,5,34.4,0.0,1,0,comfort_food,-0.1470516317328379
2025-05-30,1551,Friday,5,34.9,0.0,1,0,regular,-0.1832325372393257
2025-05-31,1646,Saturday,5,33.4,0.0,1,0,festive,-0.1697569871762052
2025-06-01,1651,Sunday,6,34.5,0.0,1,0,festive,-0.1367707039949887
2025-06-02,1631,Monday,6,35.5,0.0,1,0,protein_rich,-0.2021260075213408
2025-06-03,1572,Tuesday,6,37.6,0.0,1,0,regular,-0.2161723436011142
2025-06-04,1532,Wednesday,6,39.3,0.0,1,0,regional_special,-0.2311046735448123
2025-06-05,1738,Thursday,6,33.7,0.0,1,0,comfort_food,-0.217337273314509
2025-06-06,1563,Friday,6,37.0,0.0,1,0,comfort_food,-0.1324931845600067
2025-06-07,1615,Saturday,6,34.4,0.0,1,0,festive,-0.1656591415948908
2025-06-08,1450,Sunday,6,37.2,0.0,1,0,light_weekend,-0.1636821207071982
2025-06-09,1760,Monday,6,36.1,0.0,1,0,regular,-0.2092705496984572
2025-06-10,1781,Tuesday,6,33.1,0.0,1,0,regular,-0.1534163188982873
2025-06-11,1765,Wednesday,6,38.1,0.0,1,0,regional_special,-0.215912870032596
2025-06-12,1943,Thursday,6,35.3,0.0,1,0,regular,
2025-06-13,1586,Friday,6,35.5,0.0,1,0,regular,-0.1781502041545868
2025-06-14,1878,Saturday,6,34.5,10.1,1,0,festive,-0.0585268132250692
2025-06-15,1450,Sunday,6,35.2,0.0,1,0,light_weekend,-0.1579351149206942
2025-06-16,1866,Monday,6,37.1,0.0,1,0,protein_rich,-0.1807516405015245
2025-06-17,1630,Tuesday,6,36.0,0.0,1,0,regular,-0.156023286272232
2025-06-18,1748,Wednesday,6,,0.0,1,0,regular,-0.1051638935330177
2025-06-19,1597,Thursday,6,36.8,0.0,1,0,comfort_food,-0.2370372631669503
2025-06-20,1608,Friday,6,38.5,0.0,1,0,regular,-0.2094868714899054
2025-06-21,1474,Saturday,6,35.5,0.0,1,0,festive,-0.1482914145689652
2025-06-22,1459,Sunday,6,33.4,0.0,1,0,light_weekend,-0.1945980879499682
2025-06-23,2134,Monday,6,37.9,0.0,1,0,protein_rich,-0.0181615190430519
2025-06-24,1450,Tuesday,6,35.3,0.0,1,0,regular,-0.2256481292957635
2025-06-25,1545,Wednesday,6,37.8,9.3,1,0,regional_special,-0.1308615381257495
2025-06-26,1450,Thursday,6,36.4,0.0,1,0,regular,-0.2297913009466816
2025-06-27,1603,Friday,6,35.4,0.0,1,0,regular,-0.1870074483367874
2025-06-28,1732,Saturday,6,36.2,12.2,1,0,festive,-0.1033959292883755
2025-06-29,1589,Sunday,6,39.0,9.9,1,0,festive,-0.1410564700001048
2025-06-30,1678,Monday,6,39.2,19.5,1,0,protein_rich,-0.1942787958415969
2025-07-01,1541,Tuesday,7,35.5,0.0,1,0,comfort_food,-0.2272036479730885
2025-07-02,1682,Wednesday,7,35.6,18.5,1,0,regional_special,-0.1880499718609723
2025-07-03,1587,Thursday,7,37.1,0.0,1,0,regular,-0.2064960348047663
2025-07-04,1678,Friday,7,33.6,0.0,1,0,regular,-0.1728169117903957
2025-07-05,1450,Saturday,7,35.6,14.6,1,0,light_weekend,-0.2290507901703463
2025-07-06,2258,Sunday,7,34.9,0.0,0,0,light_weekend,0.0284562507910667
2025-07-07,2716,Monday,7,35.4,0.0,0,0,regular,0.0040442333107562
2025-07-08,2647,Tuesday,7,33.2,0.0,0,0,regular,0.0066442738023366
2025-07-09,2850,Wednesday,7,31.8,15.8,0,0,regional_special,0.0504376872384005
2025-07-10,2753,Thursday,7,30.8,0.0,0,0,comfort_food,-0.0153228424430153
2025-07-11,2544,Friday,7,32.4,15.0,0,0,comfort_food,-0.0254035843156628
2025-07-12,2536,Saturday,7,33.5,0.0,0,0,festive,0.0208282730078594
2025-07-13,2201,Sunday,7,33.7,0.0,0,0,light_weekend,-0.006738429933314
2025-07-14,3060,Monday,7,37.6,6.7,0,0,protein_rich,0.0168162286823034
2025-07-15,2606,Tuesday,7,36.0,13.3,0,0,regular,-0.029074420781062
2025-07-16,2666,Wednesday,7,32.2,0.0,0,0,regional_special,-0.070807983856157
2025-07-17,2679,Thursday,7,34.4,13.7,0,0,regular,-0.0196325150307663
2025-07-18,2551,Friday,7,32.9,17.4,0,0,regular,0.0125938983200411
2025-07-19,2658,Saturday,7,33.1,0.0,0,0,festive,0.0447690407188722
2025-07-20,2516,Sunday,7,33.8,17.7,0,0,festive,0.0819844064439039
2025-07-21,3125,Monday,7,,14.5,0,0,protein_rich,0.0884420290387326
2025-07-22,2722,Tuesday,7,32.6,24.3,0,0,regular,0.0265766820010463
2025-07-23,2566,Wednesday,7,35.0,56.6,0,0,regular,0.0009882224842879
2025-07-24,2712,Thursday,7,30.9,0.0,0,0,comfort_food,0.0268371002292092
2025-07-25,2700,Friday,7,32.9,0.0,0,0,regular,0.0598464739574584
2025-07-26,2792,Saturday,7,37.4,0.0,0,0,festive,0.1047798772001943
2025-07-27,2084,Sunday,7,33.0,48.6,0,0,light_weekend,-0.0021092190227375
2025-07-28,2673,Monday,7,35.1,0.0,0,0,regular,0.0247233051248604
2025-07-29,2620,Tuesday,7,32.5,19.5,0,0,regular,-0.0071831260178078
2025-07-30,2543,Wednesday,7,33.3,0.0,0,0,regular,-0.0014468048337368
2025-07-31,2639,Thursday,7,32.0,20.4,0,0,regular,-0.0118243065972591
2025-08-01,2669,Friday,8,31.7,0.0,0,0,regular,0.0217438063813269
2025-08-02,2601,Saturday,8,30.4,16.7,0,0,festive,0.0147878186924228
2025-08-03,2056,Sunday,8,32.5,10.5,0,0,light_weekend,-0.0066887173422968
2025-08-04,2734,Monday,8,30.0,10.2,0,0,protein_rich,-0.0624309459812405
2025-08-05,2672,Tuesday,8,32.6,51.5,0,0,regular,0.0205581463170378
2025-08-06,2559,Wednesday,8,33.2,23.9,0,0,regular,-0.0077166103905211
2025-08-07,2755,Thursday,8,31.8,0.0,0,0,regular,0.0159453153067801
2025-08-08,2825,Friday,8,30.5,0.0,0,0,comfort_food,0.051022534314899
2025-08-09,2343,Saturday,8,31.7,22.9,0,0,light_weekend,0.0105102703104412
2025-08-10,2193,Sunday,8,30.2,0.0,0,0,light_weekend,0.0505520295732701
2025-08-11,2762,Monday,8,32.3,0.0,0,0,regular,-0.0434608234252978
2025-08-12,2873,Tuesday,8,27.2,0.0,0,0,regular,0.0839081806359195
2025-08-13,2834,Wednesday,8,29.7,0.0,0,0,regular,0.0380488569471068
2025-08-14,2654,Thursday,8,26.6,0.0,0,0,comfort_food,0.0073220872370324
2025-08-15,1712,Friday,8,27.3,12.0,1,0,regular,-0.1301222233581094
2025-08-16,1941,Saturday,8,32.4,0.0,0,0,light_weekend,
2025-08-17,2758,Sunday,8,31.4,0.0,0,0,festive,0.1471999559508411
2025-08-18,3052,Monday,8,28.3,36.5,0,0,protein_rich,0.0532987638740832
2025-08-19,2470,Tuesday,8,26.8,18.1,0,0,regular,-0.0653471063313237
2025-08-20,2888,Wednesday,8,24.0,18.8,0,0,regional_special,0.0196160221235581
2025-08-21,2655,Thursday,8,,0.0,0,0,comfort_food,0.0186261655945803
2025-08-22,2480,Friday,8,33.4,62.2,0,0,regular,0.0131229035887757
2025-08-23,2426,Saturday,8,29.7,0.0,0,0,festive,-0.0154034396902782
2025-08-24,2204,Sunday,8,27.7,0.0,0,0,light_weekend,0.0563370869961071
2025-08-25,2983,Monday,8,29.4,0.0,0,0,protein_rich,0.0004185239897884
2025-08-26,2745,Tuesday,8,25.7,23.7,0,0,regular,-0.0156453310969149
2025-08-27,2499,Wednesday,8,27.8,0.0,0,0,regular,-0.0427701535435927
2025-08-28,2539,Thursday,8,28.4,0.0,0,0,comfort_food,-0.0380748213113423
2025-08-29,2507,Friday,8,27.9,22.1,0,0,regular,0.0141232821608872
2025-08-30,2263,Saturday,8,29.3,0.0,0,0,light_weekend,-0.0389316170173474
2025-08-31,2043,Sunday,8,28.4,51.9,0,0,light_weekend,-0.0664667441017201
2025-09-01,2690,Monday,9,28.8,29.6,0,0,regular,-0.0301038116439413
2025-09-02,2474,Tuesday,9,26.2,28.5,0,0,comfort_food,-0.0477061832047026
2025-09-03,2390,Wednesday,9,28.9,47.6,0,0,regular,-0.0523733201225963
2025-09-04,2740,Thursday,9,30.1,27.2,0,0,comfort_food,0.0084847517114707
2025-09-05,2595,Friday,9,25.3,16.0,0,0,comfort_food,-0.0097073641675856
2025-09-06,1931,Saturday,9,25.3,43.5,0,0,light_weekend,-0.026552645858352
2025-09-07,2162,Sunday,9,29.1,11.3,0,0,light_weekend,0.0243672611642629
2025-09-08,3087,Monday,9,26.3,40.3,0,0,protein_rich,0.0349347508065932
2025-09-09,2704,Tuesday,9,29.0,26.1,0,0,comfort_food,-0.01250333580063
2025-09-10,2738,Wednesday,9,25.5,22.7,0,0,regional_special,-0.0365477705451655
2025-09-11,2712,Thursday,9,28.8,22.5,0,0,regular,0.002663306762288
2025-09-12,2911,Friday,9,26.3,24.5,0,0,regular,0.1804030927204178
2025-09-13,2071,Saturday,9,26.4,0.0,0,0,light_weekend,-0.0511253857090182
2025-09-14,2037,Sunday,9,28.6,31.9,0,0,light_weekend,-0.0415212903952654
2025-09-15,2577,Monday,9,25.0,0.0,0,0,regular,-0.0251715413587029
2025-09-16,2579,Tuesday,9,23.8,9.2,0,0,comfort_food,-0.0072737766052131
2025-09-17,2750,Wednesday,9,24.6,0.0,0,0,regional_special,-0.0266361866269375
2025-09-18,2651,Thursday,9,26.0,0.0,0,0,comfort_food,0.0247464253783914
2025-09-19,2415,Friday,9,22.3,0.0,0,0,regular,-0.0561796620510446
2025-09-20,2045,Saturday,9,26.2,21.0,0,0,light_weekend,-0.0552901544018048
2025-09-21,2361,Sunday,9,24.1,38.9,0,0,festive,0.0074638915970988
2025-09-22,2965,Monday,9,27.1,23.0,0,0,protein_rich,0.013852151855105
2025-09-23,2384,Tuesday,9,20.7,36.3,0,0,comfort_food,-0.0678625355500336
2025-09-24,2589,Wednesday,9,23.6,0.0,0,0,regular,-0.0212362094926647
2025-09-25,2176,Thursday,9,22.0,0.0,0,0,comfort_food,-0.0906147492706957
2025-09-26,2360,Friday,9,23.6,49.2,0,0,regular,-0.0500654281457751
2025-09-27,1996,Saturday,9,25.5,23.2,0,0,light_weekend,0.0053158519151252
2025-09-28,2385,Sunday,9,24.8,26.4,0,0,festive,0.0147447390451753
2025-09-29,2915,Monday,9,24.7,30.9,0,0,regular,0.0428742705002895
2025-09-30,2740,Tuesday,9,24.9,26.6,0,0,regular,0.014687162390675
2025-10-01,2524,Wednesday,10,25.5,22.5,0,0,regional_special,-0.0282489732224462
2025-10-02,1520,Thursday,10,23.4,0.0,1,0,regular,-0.1766920977321349
2025-10-03,2495,Friday,10,26.5,25.4,0,0,regular,0.0037405361511961
2025-10-04,2321,Saturday,10,26.4,11.4,0,0,light_weekend,0.0425152516074223
2025-10-05,1882,Sunday,10,25.9,8.0,0,0,light_weekend,-0.0210133850120722
2025-10-06,2826,Monday,10,26.3,0.0,0,0,regular,0.02685685442022
2025-10-07,2748,Tuesday,10,25.8,0.0,0,0,comfort_food,0.0014649066523867
2025-10-08,2866,Wednesday,10,29.0,27.5,0,0,regional_special,0.0484548280757068
2025-10-09,1792,Thursday,10,25.2,33.3,1,0,comfort_food,-0.1472687991576207
2025-10-10,1619,Friday,10,24.8,17.3,1,0,regular,-0.1731057243392589
2025-10-11,1450,Saturday,10,24.0,,1,0,light_weekend,-0.2095798917355621
2025-10-12,1450,Sunday,10,23.6,11.4,1,0,light_weekend,-0.162268793161219
2025-10-13,1807,Monday,10,23.2,13.7,1,0,protein_rich,-0.1663157509494508
2025-10-14,1735,Tuesday,10,23.9,0.0,1,0,comfort_food,-0.1211892512907582
2025-10-15,3084,Wednesday,10,25.4,25.7,0,0,regional_special,0.1536539522057816
2025-10-16,2619,Thursday,10,26.1,0.0,0,0,regular,-0.0141974921379493
2025-10-17,2603,Friday,10,,26.3,0,0,regular,-0.0180365280125874
2025-10-18,2072,Saturday,10,24.2,0.0,0,0,light_weekend,-0.0424562454819547
2025-10-19,2605,Sunday,10,27.3,0.0,0,0,festive,0.0594795694832663
2025-10-20,2728,Monday,10,27.0,0.0,0,0,protein_rich,-0.0087003920923825
2025-10-21,2640,Tuesday,10,25.4,49.7,0,0,regular,0.0013851888265711
2025-10-22,2566,Wednesday,10,24.6,8.9,0,0,regional_special,-0.045252726890055
2025-10-23,2745,Thursday,10,26.8,0.0,0,0,regular,0.0044534507140637
2025-10-24,2596,Friday,10,26.2,0.0,0,0,regular,0.0402578315474108
2025-10-25,1964,Saturday,10,23.3,25.2,0,0,light_weekend,-0.0756286472618272
2025-10-26,2338,Sunday,10,25.8,24.2,0,0,light_weekend,0.0706392940327265
2025-10-27,2858,Monday,10,26.4,28.3,0,0,protein_rich,0.0001650180980661
2025-10-28,2557,Tuesday,10,24.4,0.0,0,0,regular,0.0049383383756748
2025-10-29,3000,Wednesday,10,26.4,0.0,0,0,regional_special,0.020000722893072
2025-10-30,2599,Thursday,10,23.5,0.0,0,0,comfort_food,0.0254145169640443
2025-10-31,2642,Friday,10,28.5,0.0,0,0,comfort_food,0.0095859378390888
2025-11-01,1522,Saturday,11,28.4,11.3,1,0,light_weekend,-0.1450915395702771
2025-11-02,1450,Sunday,11,25.7,34.2,1,0,light_weekend,-0.1756325250477365
2025-11-03,1999,Monday,11,26.9,19.0,1,0,protein_rich,-0.0983691600988693
2025-11-04,2430,Tuesday,11,22.0,0.0,0,0,regular,-0.0552090857923227
2025-11-05,2860,Wednesday,11,24.3,21.5,0,0,regional_special,0.068762243195908
2025-11-06,2656,Thursday,11,25.9,24.6,0,0,comfort_food,0.0315377594083179
2025-11-07,2527,Friday,11,24.5,25.2,0,0,regular,-0.0635012544018892
2025-11-08,2705,Saturday,11,27.8,2.1,0,0,light_weekend,0.2183875869769297
2025-11-09,2145,Sunday,11,30.1,0.0,0,0,light_weekend,-0.0201020437967026
2025-11-10,2579,Monday,11,24.5,31.2,0,1,protein_rich,0.0030440405320607
2025-11-11,2258,Tuesday,11,25.1,7.3,0,1,regular,-0.0590622294908196
2025-11-12,2351,Wednesday,11,27.1,0.0,0,1,regular,-0.0228618409839097
2025-11-13,2121,Thursday,11,29.6,31.7,0,1,comfort_food,-0.0941467618803028
2025-11-14,2200,Friday,11,24.6,8.4,0,1,regular,-0.0380989409918644
2025-11-15,2224,Saturday,11,27.3,0.0,0,1,festive,-0.0288616690888041
2025-11-16,2056,Sunday,11,30.2,0.0,0,1,light_weekend,-0.0047348910943538
2025-11-17,2272,Monday,11,24.0,13.4,0,1,regular,-0.0446466141404046
2025-11-18,2619,Tuesday,11,24.7,0.0,0,1,comfort_food,0.0751024541185387
2025-11-19,2085,Wednesday,11,26.3,0.0,0,1,regional_special,-0.1357426905015574
2025-11-20,2420,Thursday,11,26.2,0.0,0,1,comfort_food,-0.0629950437926018
2025-11-21,2183,Friday,11,28.6,0.0,0,1,regular,-0.0456306927729596
2025-11-22,2352,Saturday,11,27.7,0.0,0,1,festive,-0.0121734782746102
2025-11-23,2275,Sunday,11,24.1,0.0,0,1,festive,0.0136405024801247
2025-11-24,2509,Monday,11,28.3,0.0,0,1,protein_rich,-0.0528066485798109
2025-11-25,2196,Tuesday,11,26.4,0.0,0,1,regular,-0.0582924513237879
2025-11-26,2373,Wednesday,11,29.7,0.0,0,1,regional_special,-0.0186570632454752
2025-11-27,2184,Thursday,11,26.4,16.7,0,1,comfort_food,-0.1397541151205875
2025-11-28,2136,Friday,11,26.4,0.0,0,1,regular,-0.039372732442658
2025-11-29,2298,Saturday,11,28.6,6.7,0,1,festive,-0.0316859689097743
2025-11-30,1795,Sunday,11,29.1,0.0,0,1,light_weekend,-0.0919311343593767
2025-12-01,3018,Monday,12,28.6,0.0,0,0,protein_rich,0.0317790478496593
2025-12-02,2858,Tuesday,12,24.8,0.0,0,0,comfort_food,0.0429607953883029
2025-12-03,2694,Wednesday,12,28.8,10.8,0,0,regular,0.0363700341019463
2025-12-04,2573,Thursday,12,26.1,0.0,0,0,comfort_food,-0.004728956081732
2025-12-05,2710,Friday,12,28.4,0.0,0,0,regular,0.0306509337316332
2025-12-06,2208,Saturday,12,25.5,19.5,0,0,light_weekend,0.0303823764456045
2025-12-07,2282,Sunday,12,28.9,0.0,0,0,festive,0.0369420055327391
2025-12-08,2888,Monday,12,26.7,30.7,0,0,protein_rich,-0.0128078193195872
2025-12-09,2517,Tuesday,12,25.9,0.0,0,0,regular,-0.0222331910892815
2025-12-10,3241,Wednesday,12,29.6,0.0,0,0,regional_special,0.1612624789295225
2025-12-11,3279,Thursday,12,28.8,0.0,0,0,comfort_food,0.1692510406049386
2025-12-12,2465,Friday,12,27.3,0.0,0,0,regular,-0.0366163776905705
2025-12-13,2578,Saturday,12,31.1,8.1,0,0,festive,-0.0189701992428193
2025-12-14,2207,Sunday,12,27.7,0.0,0,0,light_weekend,0.0291141008233732
2025-12-15,3031,Monday,12,28.6,5.1,0,0,protein_rich,0.0008627552207521
2025-12-16,2644,Tuesday,12,29.0,0.0,0,0,regular,0.0115635714479593
2025-12-17,2865,Wednesday,12,27.4,0.0,0,0,regional_special,0.0433897417474193
2025-12-18,2586,Thursday,12,29.3,0.0,0,0,regular,-0.0458123566898719
2025-12-19,2541,Friday,12,27.5,0.0,0,0,regular,-0.0015798083179495
2025-12-20,1516,Saturday,12,27.8,9.1,1,0,light_weekend,-0.1859742951176604
2025-12-21,1616,Sunday,12,31.0,0.0,1,0,festive,-0.1267089993530213
2025-12-22,2145,Monday,12,26.6,5.6,1,0,protein_rich,-0.1166294000552847
2025-12-23,1775,Tuesday,12,24.2,0.0,1,0,comfort_food,-0.2265308135131842
2025-12-24,1777,Wednesday,12,31.4,0.0,1,0,regular,-0.1600570717952981
2025-12-25,1852,Thursday,12,33.1,0.0,1,0,comfort_food,-0.1438966678752204
2025-12-26,1729,Friday,12,27.8,0.0,1,0,regular,-0.1865231972384874
2025-12-27,1541,Saturday,12,25.0,0.0,1,0,festive,-0.1448106447512593
2025-12-28,1450,Sunday,12,27.9,0.0,1,0,light_weekend,-0.1653542720855277
2025-12-29,1913,Monday,12,28.0,10.9,1,0,regular,-0.1679314022738574
2025-12-30,1831,Tuesday,12,28.2,0.0,1,0,comfort_food,-0.1596176587421507
2025-12-31,1707,Wednesday,12,26.5,0.0,1,0,regular,-0.1603551815759574
2026-01-01,1625,Thursday,1,29.5,0.0,1,0,regular,-0.2143690306965477
2026-01-02,1511,Friday,1,29.4,0.0,1,0,regular,-0.1453406725803269
2026-01-03,1730,Saturday,1,25.8,0.0,1,0,festive,-0.0991625893233416
2026-01-04,1450,Sunday,1,29.8,0.0,1,0,light_weekend,-0.1734870987208395
2026-01-05,1744,Monday,1,32.2,0.0,1,0,regular,-0.2322954357292383
2026-01-06,2777,Tuesday,1,28.8,0.0,0,0,regular,-0.0040160997100031
2026-01-07,2742,Wednesday,1,27.9,0.0,0,0,regular,0.0068042056929198
2026-01-08,2628,Thursday,1,28.2,0.0,0,0,comfort_food,-0.0400610083225386
2026-01-09,2462,Friday,1,29.6,0.0,0,0,comfort_food,-0.0126048322251954
2026-01-10,2522,Saturday,1,25.4,12.0,0,0,festive,-0.0093279285645489
2026-01-11,2236,Sunday,1,28.8,0.0,0,0,light_weekend,
2026-01-12,2901,Monday,1,27.8,0.0,0,0,regular,0.0058084360215717
2026-01-13,2727,Tuesday,1,31.8,0.0,0,0,regular,-0.0576024107684985
2026-01-14,2647,Wednesday,1,28.2,0.0,0,0,regional_special,0.0123012701553693
2026-01-15,2665,Thursday,1,31.5,0.0,0,0,comfort_food,-0.0019778131586601
2026-01-16,2527,Friday,1,26.5,0.0,0,0,regular,0.0180744998964041
2026-01-17,2623,Saturday,1,29.6,0.0,0,0,festive,0.02629636481856
2026-01-18,2078,Sunday,1,29.1,0.0,0,0,light_weekend,-0.0280517790260058
2026-01-19,2834,Monday,1,26.9,0.0,0,0,protein_rich,-0.0069795619260232
2026-01-20,2739,Tuesday,1,28.8,0.0,0,0,regular,-0.0188359575791941
2026-01-21,2665,Wednesday,1,30.7,2.5,0,0,regional_special,0.0006588783803366
2026-01-22,2627,Thursday,1,27.9,0.0,0,0,comfort_food,0.0051785462898677
2026-01-23,2421,Friday,1,25.5,0.0,0,0,regular,-0.0066751957232836
2026-01-24,2575,Saturday,1,28.5,18.6,0,0,festive,0.0251838157851218
2026-01-25,1986,Sunday,1,26.9,0.0,0,0,light_weekend,-0.0122991143801918
2026-01-26,2088,Monday,1,27.9,0.0,1,0,protein_rich,-0.0722296325072573
2026-01-27,2616,Tuesday,1,28.4,1.2,0,0,regular,-0.0269753803024373
2026-01-28,2589,Wednesday,1,25.4,0.0,0,0,regional_special,-0.0195290202991167
2026-01-29,3046,Thursday,1,25.6,0.0,0,0,comfort_food,0.1152848937928852
2026-01-30,2603,Friday,1,29.4,0.0,0,0,regular,0.0147354655861193
2026-01-31,2604,Saturday,1,27.6,0.0,0,0,festive,-0.0082993233066293
2026-02-01,2505,Sunday,2,23.9,0.0,0,0,festive,0.0694940521392042
2026-02-02,2857,Monday,2,29.9,0.0,0,0,protein_rich,-0.0118513611220401
2026-02-03,2797,Tuesday,2,29.0,0.0,0,0,comfort_food,0.0318171527731784
2026-02-04,2721,Wednesday,2,27.2,0.0,0,0,regional_special,-0.0073836797779738
2026-02-05,2636,Thursday,2,26.1,0.0,0,0,regular,-0.0153928547321292
2026-02-06,2680,Friday,2,30.0,0.0,0,0,regular,0.0563207739089654
2026-02-07,2327,Saturday,2,29.1,0.0,0,0,light_weekend,0.0198240473430735
2026-02-08,2537,Sunday,2,,0.0,0,0,festive,0.0740546303107222
2026-02-09,3060,Monday,2,29.3,11.7,0,0,protein_rich,0.0352221887831981
2026-02-10,2612,Tuesday,2,29.2,0.0,0,0,regular,-0.0155555583327584
2026-02-11,2806,Wednesday,2,28.2,7.8,0,0,regular,0.0213974047090372
2026-02-12,2823,Thursday,2,30.0,0.0,0,0,comfort_food,0.0423225387439561
2026-02-13,2712,Friday,2,29.6,0.0,0,0,regular,0.0047158315231143
2026-02-14,3003,Saturday,2,30.8,0.0,0,0,festive,0.22
2026-02-15,2068,Sunday,2,27.6,0.0,0,0,light_weekend,0.0297670521120668
2026-02-16,2915,Monday,2,27.7,0.0,0,0,protein_rich,0.0274193892420064
2026-02-17,2656,Tuesday,2,27.6,0.0,0,0,comfort_food,0.0088020285856236
2026-02-18,2653,Wednesday,2,29.9,0.0,0,0,regional_special,0.0048032995138668
2026-02-19,2587,Thursday,2,31.2,0.0,0,0,regular,-0.0437933574958247
2026-02-20,2557,Friday,2,27.7,0.0,0,0,regular,-0.0031525268533011
2026-02-21,2617,Saturday,2,27.7,0.0,0,0,festive,0.0477415269869408
2026-02-22,2073,Sunday,2,29.1,0.0,0,0,light_weekend,-0.0145629792443285
2026-02-23,2935,Monday,2,28.1,0.0,0,0,protein_rich,0.0318186956546643
2026-02-24,2845,Tuesday,2,30.2,0.0,0,0,regular,0.0007457621624288
2026-02-25,2622,Wednesday,2,24.4,0.0,0,0,regular,0.0270792161884569
2026-02-26,2635,Thursday,2,27.0,0.0,0,0,comfort_food,0.0232089333373005
2026-02-27,2637,Friday,2,27.1,0.0,0,0,regular,0.0058503650654694
2026-02-28,2047,Saturday,2,24.3,0.0,0,0,light_weekend,-0.0478524511955699
2026-03-01,2631,Sunday,3,26.8,9.0,0,0,light_weekend,0.1603155233392824
2026-03-02,3125,Monday,3,26.9,0.0,0,0,regular,0.146283476086332
2026-03-03,2767,Tuesday,3,28.1,0.0,0,0,regular,-0.0028310258793296
2026-03-04,2816,Wednesday,3,30.5,0.0,0,0,regional_special,-0.0119882297044785
2026-03-05,2560,Thursday,3,28.1,0.0,0,0,regular,-0.0170944079622937
2026-03-06,2621,Friday,3,26.6,9.3,0,0,regular,0.0540420316800183
2026-03-07,2410,Saturday,3,28.4,0.0,0,0,light_weekend,0.0485115512135128
2026-03-08,1450,Sunday,3,30.4,0.0,1,0,light_weekend,-0.1644462308747815
2026-03-09,2458,Monday,3,26.7,0.0,0,0,regular,-0.0650471319213713
2026-03-10,2646,Tuesday,3,26.9,0.0,0,0,regular,0.0216691294754813
2026-03-11,2548,Wednesday,3,29.5,0.0,0,0,regional_special,0.002582894361928
2026-03-12,2736,Thursday,3,,0.0,0,0,comfort_food,-0.0066578021413084
2026-03-13,2579,Friday,3,29.7,0.0,0,0,regular,0.0118337072527215
2026-03-14,2591,Saturday,3,28.5,0.0,0,0,festive,0.0245594788569094
2026-03-15,2401,Sunday,3,29.8,0.0,0,0,festive,0.0488292492401201
2026-03-16,2684,Monday,3,26.6,0.0,0,0,regular,0.0071477323967572
2026-03-17,2719,Tuesday,3,28.5,0.0,0,0,regular,0.0211027607440273
2026-03-18,2640,Wednesday,3,28.1,0.0,0,0,regional_special,-0.0216697935116463
2026-03-19,2750,Thursday,3,26.3,0.0,0,0,comfort_food,0.0248547723506789
2026-03-20,2497,Friday,3,25.7,0.0,0,0,regular,-0.0317209022532676
2026-03-21,2387,Saturday,3,29.7,0.0,0,0,light_weekend,-0.0200398328067433
2026-03-22,2096,Sunday,3,28.0,0.0,0,0,light_weekend,-0.018512377070101
2026-03-23,2753,Monday,3,26.9,0.0,0,0,regular,-0.0375218120330787
2026-03-24,2785,Tuesday,3,28.7,0.0,0,0,comfort_food,0.0355481799184982
2026-03-25,2521,Wednesday,3,31.1,0.0,0,0,regional_special,-0.0339168366666429
2026-03-26,2555,Thursday,3,25.1,11.0,0,0,comfort_food,-0.0244620718092335
2026-03-27,2522,Friday,3,26.6,0.0,0,0,regular,0.0439392698670324
2026-03-28,2590,Saturday,3,27.8,8.2,0,0,festive,0.0200296054351222
2026-03-29,2057,Sunday,3,32.2,0.0,0,0,light_weekend,-0.0065849939798333
2026-03-30,2518,Monday,3,30.2,10.4,0,0,regular,-0.0354210150320787
2026-03-31,2673,Tuesday,3,31.3,,0,0,comfort_food,-0.0840671693200166
2026-04-01,2793,Wednesday,4,28.0,0.0,0,0,regional_special,0.0296357685466872
2026-04-02,2827,Thursday,4,28.1,0.0,0,0,regular,0.1192311589994939
