date,demand,day_of_week,month,temperature,rainfall,is_holiday,is_exam_week,menu_type,attendance_variation
2024-04-03,2818,Wednesday,4,31.0,0.0,0,0,regional_special,0.005730278927030636
2024-04-04,2614,Thursday,4,28.7,0.0,0,0,comfort_food,-0.03512912912715877
2024-04-05,2369,Friday,4,32.0,0.0,0,0,regular,-0.06086455295199688
2024-04-06,2101,Saturday,4,32.5,16.6,0,0,light_weekend,-0.03053956881785478
2024-04-07,2232,Sunday,4,27.4,0.0,0,0,light_weekend,-0.0016700956359650637
2024-04-08,2642,Monday,4,28.7,0.0,0,0,regular,-0.07369387473731445
2024-04-09,2593,Tuesday,4,31.4,0.0,0,0,regular,-0.01905126272954622
2024-04-10,2365,Wednesday,4,30.8,0.0,0,1,regional_special,-0.0686664561593549
2024-04-11,2293,Thursday,4,31.4,0.0,0,1,comfort_food,-0.06753992937199103
2024-04-12,2072,Friday,4,30.0,0.0,0,1,regular,-0.08316032593658507
2024-04-13,2279,Saturday,4,33.3,0.0,0,1,festive,-0.03195298350334901
2024-04-14,1450,Sunday,4,33.2,0.0,1,1,light_weekend,-0.17966371601566483
2024-04-15,2537,Monday,4,32.1,0.0,0,1,protein_rich,-0.016824915147828887
2024-04-16,2161,Tuesday,4,34.1,0.0,0,1,regular,-0.07961052719143524
2024-04-17,2245,Wednesday,4,33.0,0.0,0,1,regional_special,-0.062392172592668715
2024-04-18,2258,Thursday,4,30.8,22.0,0,1,regular,-0.06099096674782934
2024-04-19,2152,Friday,4,33.1,0.0,0,1,regular,-0.08687844018090529
2024-04-20,2154,Saturday,4,30.8,0.0,0,1,festive,-0.04691955762103491
2024-04-21,2316,Sunday,4,34.3,0.0,0,1,festive,0.01536834071143496
2024-04-22,2511,Monday,4,32.7,0.0,0,1,protein_rich,-0.05469245321308856
2024-04-23,2291,Tuesday,4,32.6,0.0,0,1,regular,-0.0983143735460805
2024-04-24,2365,Wednesday,4,31.8,0.0,0,1,regional_special,-0.06150991204243049
2024-04-25,2211,Thursday,4,35.3,0.0,0,1,regular,-0.05586965864048067
2024-04-26,2069,Friday,4,33.0,0.0,0,1,regular,-0.12904464784678424
2024-04-27,2181,Saturday,4,32.6,0.0,0,1,festive,-0.02142612252360175
2024-04-28,1954,Sunday,4,32.8,9.3,0,1,light_weekend,-0.029620702297810882
2024-04-29,2509,Monday,4,34.5,0.0,0,1,protein_rich,-0.024206971506735838
2024-04-30,2604,Tuesday,4,34.3,0.0,0,1,regular,0.018042829031823998
2024-05-01,1552,Wednesday,5,34.5,0.0,1,1,regional_special,-0.19621116811907371
2024-05-02,2541,Thursday,5,34.7,0.0,0,1,comfort_food,-0.009287309133720119
2024-05-03,2291,Friday,5,37.8,0.0,0,1,regular,0.03800300775700144
2024-05-04,1933,Saturday,5,33.4,,0,1,light_weekend,-0.03346453083788907
2024-05-05,1892,Sunday,5,33.3,0.0,0,1,light_weekend,-0.05429254272235546
2024-05-06,2977,Monday,5,32.8,0.0,0,0,regular,0.034080910270096625
2024-05-07,2765,Tuesday,5,35.5,0.0,0,0,regular,-0.01957327516882478
2024-05-08,2726,Wednesday,5,36.5,4.8,0,0,regional_special,0.0037690211823239264
2024-05-09,2791,Thursday,5,34.4,0.0,0,0,comfort_food,-0.02267046750774098
2024-05-10,2634,Friday,5,33.1,22.5,0,0,comfort_food,0.013929459514700858
2024-05-11,2281,Saturday,5,33.3,8.8,0,0,light_weekend,-0.022816818080693708
2024-05-12,1969,Sunday,5,36.0,0.0,0,0,light_weekend,-0.02404249749516012
2024-05-13,2990,Monday,5,36.2,0.0,0,0,protein_rich,0.03447156525869266
2024-05-14,2455,Tuesday,5,36.0,0.0,0,0,regular,-0.004819900427319852
2024-05-15,2475,Wednesday,5,33.9,0.0,0,0,regional_special,-0.06746323975008615
2024-05-16,2576,Thursday,5,35.6,0.0,0,0,comfort_food,-0.05094449224592314
2024-05-17,2380,Friday,5,35.4,0.0,0,0,comfort_food,-0.040154327201151224
2024-05-18,2175,Saturday,5,35.7,0.0,0,0,light_weekend,-0.030904016713989107
2024-05-19,2193,Sunday,5,36.9,0.0,0,0,light_weekend,0.014504816531752339
2024-05-20,1838,Monday,5,35.8,0.0,1,0,protein_rich,-0.15233714035249274
2024-05-21,1676,Tuesday,5,36.7,0.0,1,0,regular,-0.14271522199052802
2024-05-22,1696,Wednesday,5,35.7,0.0,1,0,regular,-0.153651936197038
2024-05-23,1578,Thursday,5,36.2,0.0,1,0,comfort_food,-0.19378252878371896
2024-05-24,1662,Friday,5,36.8,3.6,1,0,comfort_food,-0.15870613329893068
2024-05-25,1728,Saturday,5,33.1,0.0,1,0,festive,-0.13266122418179785
2024-05-26,1450,Sunday,5,35.2,0.0,1,0,light_weekend,-0.14152268901993204
2024-05-27,1974,Monday,5,35.0,0.0,1,0,regular,-0.14782055228909652
2024-05-28,1716,Tuesday,5,34.8,0.0,1,0,comfort_food,-0.1668366621356103
2024-05-29,1896,Wednesday,5,35.5,0.0,1,0,regular,-0.135512484519895
2024-05-30,1450,Thursday,5,38.7,0.0,1,0,regular,-0.2621025884876189
2024-05-31,1653,Friday,5,34.5,0.0,1,0,comfort_food,-0.19016621109491574
2024-06-01,1716,Saturday,6,37.8,,1,0,festive,-0.15070266629781057
2024-06-02,1530,Sunday,6,33.1,7.3,1,0,light_weekend,-0.13965609928814504
2024-06-03,1956,Monday,6,35.6,18.0,1,0,protein_rich,-0.10500117510672306
2024-06-04,1624,Tuesday,6,36.5,0.0,1,0,regular,-0.2307562779573592
2024-06-05,1846,Wednesday,6,37.3,12.4,1,0,regional_special,-0.13060914890477532
2024-06-06,1499,Thursday,6,37.6,0.0,1,0,regular,-0.2210005815109194
2024-06-07,1550,Friday,6,37.7,0.0,1,0,regular,-0.2199425335946288
2024-06-08,1545,Saturday,6,35.7,0.0,1,0,light_weekend,-0.18819999958145775
2024-06-09,1620,Sunday,6,35.5,0.0,1,0,festive,
2024-06-10,1751,Monday,6,37.9,0.0,1,0,protein_rich,-0.2145446047900907
2024-06-11,1796,Tuesday,6,36.1,0.0,1,0,regular,-0.15725427092776015
2024-06-12,1636,Wednesday,6,34.1,0.0,1,0,regular,-0.15622091513456893
2024-06-13,1839,Thursday,6,34.4,0.0,1,0,comfort_food,-0.14310854413427151
2024-06-14,1725,Friday,6,34.8,0.0,1,0,regular,-0.08935878657726948
2024-06-15,1593,Saturday,6,37.3,9.5,1,0,festive,-0.1413853950240357
2024-06-16,1502,Sunday,6,36.6,0.0,1,0,light_weekend,-0.1810649507715925
2024-06-17,1823,Monday,6,37.5,0.0,1,0,regular,-0.12092015954860375
2024-06-18,1450,Tuesday,6,35.4,0.0,1,0,regular,-0.27919856739216264
2024-06-19,1746,Wednesday,6,36.4,0.0,1,0,regional_special,-0.21349305221461862
2024-06-20,1557,Thursday,6,37.2,0.0,1,0,regular,-0.17980607050228709
2024-06-21,1503,Friday,6,35.5,9.0,1,0,regular,-0.2179949582220426
2024-06-22,2031,Saturday,6,36.8,9.9,1,0,festive,-0.0039613163527009165
2024-06-23,1450,Sunday,6,34.7,7.7,1,0,light_weekend,-0.18441264377294683
2024-06-24,1690,Monday,6,35.2,0.0,1,0,protein_rich,-0.1830190138077364
2024-06-25,1760,Tuesday,6,35.1,0.0,1,0,regular,-0.17774358758640646
2024-06-26,2028,Wednesday,6,33.5,0.0,1,0,regional_special,-0.04116795494741682
2024-06-27,1797,Thursday,6,36.5,8.9,1,0,comfort_food,-0.18826932557608506
2024-06-28,1548,Friday,6,34.7,0.0,1,0,regular,-0.19586181568890573
2024-06-29,1484,Saturday,6,35.5,0.0,1,0,light_weekend,-0.1858017720828855
2024-06-30,1478,Sunday,6,36.2,8.7,1,0,light_weekend,-0.18026027213259563
2024-07-01,1648,Monday,7,36.1,20.3,1,0,protein_rich,-0.22091118478670477
2024-07-02,1700,Tuesday,7,36.4,25.9,1,0,regular,-0.16519561287135523
2024-07-03,1746,Wednesday,7,34.9,0.0,1,0,regional_special,-0.1957850430306378
2024-07-04,1688,Thursday,7,34.2,31.9,1,0,regular,-0.1461962723816132
2024-07-05,1694,Friday,7,34.8,0.0,1,0,regular,-0.15931312835251338
2024-07-06,2729,Saturday,7,31.8,0.0,0,0,festive,0.08095232414768794
2024-07-07,2041,Sunday,7,32.1,0.0,0,0,light_weekend,-0.0353851327800218
2024-07-08,2918,Monday,7,32.3,0.0,0,0,protein_rich,0.007001467558440071
2024-07-09,2592,Tuesday,7,32.7,0.0,0,0,regular,-0.04348604706100932
2024-07-10,2603,Wednesday,7,35.2,0.0,0,0,regular,-0.024681692312526416
2024-07-11,2745,Thursday,7,32.7,31.4,0,0,comfort_food,0.034223689857800714
2024-07-12,2711,Friday,7,33.5,0.0,0,0,comfort_food,0.05206217022728733
2024-07-13,2486,Saturday,7,36.5,8.7,0,0,festive,-0.0001846653181560992
2024-07-14,1990,Sunday,7,33.4,0.0,0,0,light_weekend,-0.0669520996137679
2024-07-15,2885,Monday,7,35.2,0.0,0,0,protein_rich,0.017333151479161778
2024-07-16,2786,Tuesday,7,32.1,0.0,0,0,regular,0.020496197463342344
2024-07-17,2433,Wednesday,7,33.3,0.0,0,0,regional_special,-0.06159335922377724
2024-07-18,2489,Thursday,7,31.9,22.7,0,0,comfort_food,-0.05610500285349535
2024-07-19,2591,Friday,7,32.8,23.5,0,0,regular,0.017136915035534085
2024-07-20,2383,Saturday,7,34.8,6.6,0,0,festive,-0.028216349912127354
2024-07-21,2624,Sunday,7,30.1,0.0,0,0,festive,0.02436209078513954
2024-07-22,2970,Monday,7,33.9,13.4,0,0,protein_rich,0.025673213299559426
2024-07-23,2757,Tuesday,7,33.4,15.5,0,0,regular,0.014548308947659107
2024-07-24,2702,Wednesday,7,31.8,20.4,0,0,regional_special,-0.004960133344034121
2024-07-25,2520,Thursday,7,30.1,43.1,0,0,regular,-0.039951485166663574
2024-07-26,2543,Friday,7,32.7,11.8,0,0,regular,0.029559980090076782
2024-07-27,2247,Saturday,7,31.5,20.7,0,0,light_weekend,0.009982207422801514
2024-07-28,2009,Sunday,7,32.8,0.0,0,0,light_weekend,-0.0226455817683011
2024-07-29,2763,Monday,7,32.3,0.0,0,0,regular,0.0013203013838783417
2024-07-30,2504,Tuesday,7,35.0,18.7,0,0,regular,0.013410915792966749
2024-07-31,2827,Wednesday,7,31.5,,0,0,regional_special,0.060138303450798354
2024-08-01,2902,Thursday,8,30.0,0.0,0,0,comfort_food,0.02752132839020528
2024-08-02,2700,Friday,8,32.0,36.8,0,0,regular,0.024809489958388036
2024-08-03,2303,Saturday,8,32.0,10.1,0,0,light_weekend,-0.02137125887048705
2024-08-04,2205,Sunday,8,33.9,28.2,0,0,light_weekend,-0.023146401718925094
2024-08-05,2815,Monday,8,32.8,25.4,0,0,regular,-0.008838299748454653
2024-08-06,2651,Tuesday,8,31.8,0.0,0,0,regular,-0.005025042632335741
2024-08-07,2571,Wednesday,8,33.6,0.0,0,0,regional_special,-0.035280873523101164
2024-08-08,2865,Thursday,8,28.7,20.0,0,0,regular,0.04430767692948864
2024-08-09,2655,Friday,8,29.6,0.0,0,0,regular,0.030917307321557723
2024-08-10,2688,Saturday,8,28.9,50.5,0,0,festive,-0.008948725145552748
2024-08-11,2547,Sunday,8,29.8,22.5,0,0,festive,0.06245987271548488
2024-08-12,3138,Monday,8,27.8,0.0,0,0,protein_rich,0.027801470705134328
2024-08-13,2755,Tuesday,8,31.3,25.6,0,0,regular,0.024293979332598116
2024-08-14,2664,Wednesday,8,29.6,23.5,0,0,regular,-0.047050749323397055
2024-08-15,1848,Thursday,8,27.2,19.8,1,0,comfort_food,-0.1850981375619102
2024-08-16,2477,Friday,8,27.9,0.0,0,0,regular,-0.0020313484767028375
2024-08-17,2219,Saturday,8,30.2,33.2,0,0,light_weekend,0.00952747348640779
2024-08-18,2347,Sunday,8,31.0,34.6,0,0,festive,0.0036046839586253293
2024-08-19,2434,Monday,8,32.9,13.0,0,0,regular,-0.08749757534288388
2024-08-20,2702,Tuesday,8,34.4,19.5,0,0,comfort_food,-0.037859490118902224
2024-08-21,2654,Wednesday,8,29.8,14.7,0,0,regular,-0.0021366794998817574
2024-08-22,2697,Thursday,8,27.1,0.0,0,0,comfort_food,0.002235947892616606
2024-08-23,2713,Friday,8,24.9,0.0,0,0,regular,0.05893118429187446
2024-08-24,2538,Saturday,8,29.1,0.0,0,0,festive,0.060396125423033464
2024-08-25,2234,Sunday,8,27.0,0.0,0,0,light_weekend,0.0028535597731021273
2024-08-26,2912,Monday,8,27.6,7.4,0,0,protein_rich,0.01886630531264968
2024-08-27,2891,Tuesday,8,27.1,25.5,0,0,comfort_food,0.03789641837593925
2024-08-28,2656,Wednesday,8,27.8,42.5,0,0,regional_special,-0.04690386582551034
2024-08-29,2754,Thursday,8,29.8,20.2,0,0,regular,-0.0049099325709209595
2024-08-30,2464,Friday,8,28.0,0.0,0,0,regular,-0.03812403420484056
2024-08-31,2095,Saturday,8,27.3,39.5,0,0,light_weekend,0.02791171170433564
2024-09-01,2518,Sunday,9,25.6,0.0,0,0,festive,0.05373746279505648
2024-09-02,2830,Monday,9,24.3,16.1,0,0,protein_rich,-0.004763315360138111
2024-09-03,2531,Tuesday,9,26.3,35.3,0,0,regular,-0.019455925361140776
2024-09-04,2799,Wednesday,9,,17.9,0,0,regional_special,0.01783777671221981
2024-09-05,2596,Thursday,9,30.1,20.2,0,0,regular,-0.008775161945279641
2024-09-06,2775,Friday,9,27.0,16.3,0,0,regular,0.13079986723155682
2024-09-07,2245,Saturday,9,28.4,13.9,0,0,light_weekend,-0.022899579009451602
2024-09-08,2411,Sunday,9,25.6,27.5,0,0,light_weekend,0.17105652248975942
2024-09-09,2812,Monday,9,24.2,0.0,0,0,protein_rich,0.0074681002276260205
2024-09-10,2544,Tuesday,9,24.4,28.0,0,0,regular,
2024-09-11,2586,Wednesday,9,24.7,27.7,0,0,regular,-0.0508121614269392
2024-09-12,2707,Thursday,9,29.7,0.0,0,0,comfort_food,0.0027174201784509375
2024-09-13,2494,Friday,9,24.3,21.1,0,0,regular,-0.0063428203577167875
2024-09-14,2561,Saturday,9,27.1,0.0,0,0,festive,0.028742307797531237
2024-09-15,2117,Sunday,9,23.9,0.0,0,0,light_weekend,0.006956973712105146
2024-09-16,2991,Monday,9,27.0,47.6,0,0,protein_rich,0.012280079195756428
2024-09-17,2787,Tuesday,9,25.9,23.9,0,0,regular,0.0245547915179164
2024-09-18,2811,Wednesday,9,24.8,23.5,0,0,regional_special,0.019345497531491694
2024-09-19,2676,Thursday,9,24.9,0.0,0,0,comfort_food,-0.008423459752250246
2024-09-20,2379,Friday,9,23.9,0.0,0,0,comfort_food,-0.01984494175794347
2024-09-21,2437,Saturday,9,25.8,0.0,0,0,festive,0.0034629525537146905
2024-09-22,2373,Sunday,9,24.2,29.0,0,0,festive,0.013239522243167129
2024-09-23,2604,Monday,9,22.9,31.5,0,0,regular,-0.009062246670220065
2024-09-24,2445,Tuesday,9,22.8,0.0,0,0,regular,-0.027520014257836897
2024-09-25,2480,Wednesday,9,25.4,0.0,0,0,regular,0.0033619998691105024
2024-09-26,2458,Thursday,9,27.9,34.3,0,0,comfort_food,-0.04774098372691525
2024-09-27,2352,Friday,9,25.4,19.2,0,0,regular,-0.05813471611524578
2024-09-28,2608,Saturday,9,24.9,36.3,0,0,festive,0.05172921423026783
2024-09-29,1993,Sunday,9,25.7,0.0,0,0,light_weekend,-0.01660451083780456
2024-09-30,2865,Monday,9,27.5,0.0,0,0,protein_rich,-0.00929617786283619
2024-10-01,2492,Tuesday,10,25.6,31.7,0,0,regular,-0.048334649945410355
2024-10-02,1694,Wednesday,10,24.5,42.9,1,0,regular,-0.192043740884436
2024-10-03,2772,Thursday,10,27.2,33.1,0,0,comfort_food,0.03597176990137886
2024-10-04,2532,Friday,10,26.0,31.7,0,0,regular,-0.024157585135215057
2024-10-05,2607,Saturday,10,28.0,34.1,0,0,festive,0.018805281886809636
2024-10-06,2055,Sunday,10,25.6,16.7,0,0,light_weekend,0.037507114396117536
2024-10-07,2623,Monday,10,23.1,35.9,0,0,protein_rich,-0.05971559965254093
2024-10-08,2692,Tuesday,10,22.9,21.6,0,0,regular,0.06884040250194334
2024-10-09,1881,Wednesday,10,28.3,,1,0,regular,-0.09445648941857705
2024-10-10,1466,Thursday,10,28.5,0.0,1,0,comfort_food,-0.27472181352970293
2024-10-11,1482,Friday,10,25.1,0.0,1,0,regular,-0.25121165396133033
2024-10-12,1450,Saturday,10,24.8,0.0,1,0,light_weekend,-0.2051631461154347
2024-10-13,1611,Sunday,10,28.1,0.0,1,0,festive,-0.14926701198166567
2024-10-14,1831,Monday,10,23.5,0.0,1,0,protein_rich,-0.17464347743655734
2024-10-15,2783,Tuesday,10,23.9,20.7,0,0,regular,0.028411568446777544
2024-10-16,2578,Wednesday,10,26.7,0.0,0,0,regular,-0.003939946743879678
2024-10-17,2563,Thursday,10,24.9,6.7,0,0,comfort_food,-0.03188175249699848
2024-10-18,2527,Friday,10,25.6,20.4,0,0,regular,-0.006026480645329349
2024-10-19,2687,Saturday,10,25.4,42.4,0,0,festive,0.03191744829368434
2024-10-20,2266,Sunday,10,26.3,0.0,0,0,festive,-0.0014302464717848642
2024-10-21,2707,Monday,10,28.3,0.0,0,0,protein_rich,-0.037618179113949324
2024-10-22,3092,Tuesday,10,25.9,22.6,0,0,regular,0.06974599802923621
2024-10-23,2575,Wednesday,10,27.0,0.0,0,0,regular,-0.02248493378979527
2024-10-24,2372,Thursday,10,22.2,16.7,0,0,regular,-0.004807354542183297
2024-10-25,2446,Friday,10,25.8,,0,0,regular,-0.013922839203895044
2024-10-26,1982,Saturday,10,24.4,0.0,0,0,light_weekend,0.019183069642874973
2024-10-27,2619,Sunday,10,23.8,0.0,0,0,festive,0.10204764730818654
2024-10-28,3014,Monday,10,24.4,0.0,0,0,protein_rich,0.04029768446052495
2024-10-29,2488,Tuesday,10,25.5,15.7,0,0,comfort_food,-0.05314278016389969
2024-10-30,2580,Wednesday,10,27.8,22.2,0,0,regional_special,-0.04844431994529855
2024-10-31,2668,Thursday,10,23.8,0.0,0,0,comfort_food,-0.013963767136442078
2024-11-01,1478,Friday,11,26.3,0.0,1,0,comfort_food,-0.18938816198366432
2024-11-02,1450,Saturday,11,25.4,0.0,1,0,light_weekend,-0.24026829443413103
2024-11-03,1450,Sunday,11,25.7,8.1,1,0,light_weekend,-0.15132306779389457
2024-11-04,2613,Monday,11,28.1,12.2,0,0,regular,-0.03802121952585175
2024-11-05,2699,Tuesday,11,27.4,45.0,0,0,regular,0.02226555467440145
2024-11-06,2825,Wednesday,11,28.8,,0,0,regional_special,0.06372214090220023
2024-11-07,2665,Thursday,11,26.2,5.5,0,0,comfort_food,-0.008688873642126208
2024-11-08,2549,Friday,11,25.3,0.0,0,0,regular,0.015364042414636469
2024-11-09,2156,Saturday,11,26.2,0.0,0,0,light_weekend,-0.04311815277294706
2024-11-10,1892,Sunday,11,27.1,20.0,0,1,light_weekend,-0.038171328573230995
2024-11-11,2509,Monday,11,27.0,22.8,0,1,protein_rich,-0.05743673482020295
2024-11-12,2052,Tuesday,11,24.8,27.9,0,1,regular,-0.10240323625559236
2024-11-13,2382,Wednesday,11,27.0,0.0,0,1,regional_special,-0.07012672458885444
2024-11-14,2211,Thursday,11,27.3,7.2,0,1,regular,-0.0763011802941877
2024-11-15,2182,Friday,11,31.4,0.0,0,1,regular,-0.0713805791051314
2024-11-16,2459,Saturday,11,30.3,0.0,0,1,festive,0.01323879659857257
2024-11-17,2009,Sunday,11,25.5,,0,1,festive,-0.052585765742250636
2024-11-18,2805,Monday,11,26.5,0.0,0,1,protein_rich,0.020725804992085668
2024-11-19,2282,Tuesday,11,24.5,0.0,0,1,regular,-0.10637708714888738
2024-11-20,2557,Wednesday,11,26.1,0.0,0,1,regional_special,-0.0034599404387491497
2024-11-21,2118,Thursday,11,27.8,7.8,0,1,regular,-0.09557787176673428
2024-11-22,2037,Friday,11,29.5,0.0,0,1,regular,-0.060035463138781546
2024-11-23,2307,Saturday,11,26.0,,0,1,festive,-0.03715686397173069
2024-11-24,1801,Sunday,11,26.2,0.0,0,1,light_weekend,-0.07203050350382491
2024-11-25,2336,Monday,11,23.6,0.0,0,1,regular,-0.03195249672755579
2024-11-26,2553,Tuesday,11,27.2,17.2,0,1,regular,-0.007506062096991624
2024-11-27,2303,Wednesday,11,25.7,0.0,0,1,regular,-0.018331635326552527
2024-11-28,2198,Thursday,11,26.7,0.0,0,1,regular,-0.07416997163196468
2024-11-29,2249,Friday,11,26.1,4.8,0,1,regular,-0.05355106721584063
2024-11-30,2126,Saturday,11,27.6,0.0,0,1,festive,-0.04737272557839268
2024-12-01,1992,Sunday,12,24.6,0.0,0,0,light_weekend,-0.03470426094011432
2024-12-02,2878,Monday,12,25.2,0.0,0,0,protein_rich,-0.020120531700503413
2024-12-03,2680,Tuesday,12,31.8,0.0,0,0,regular,-0.015315065744444526
2024-12-04,2846,Wednesday,12,25.7,17.0,0,0,regional_special,0.008736197085522972
2024-12-05,2584,Thursday,12,26.1,0.0,0,0,comfort_food,-0.06691353059130267
2024-12-06,2567,Friday,12,31.4,0.0,0,0,regular,-0.0016223795903268013
2024-12-07,2159,Saturday,12,33.4,0.0,0,0,light_weekend,0.05306087935923337
2024-12-08,2093,Sunday,12,26.1,0.0,0,0,light_weekend,0.03926688741759438
2024-12-09,2950,Monday,12,27.6,,0,0,protein_rich,-0.00048144267843330465
2024-12-10,2439,Tuesday,12,29.0,0.0,0,0,regular,-0.048890551824897516
2024-12-11,2766,Wednesday,12,31.5,26.8,0,0,regional_special,0.01339406072626893
2024-12-12,2489,Thursday,12,26.7,4.2,0,0,comfort_food,-0.08110998875726251
2024-12-13,2795,Friday,12,28.1,0.0,0,0,regular,0.03885539405589371
2024-12-14,2173,Saturday,12,29.9,0.0,0,0,light_weekend,-0.007475561025913418
2024-12-15,2219,Sunday,12,29.3,0.0,0,0,light_weekend,0.06409551122020904
2024-12-16,2769,Monday,12,27.8,0.0,0,0,protein_rich,-0.04044379199517631
2024-12-17,2875,Tuesday,12,28.3,0.0,0,0,comfort_food,0.03213511788227417
2024-12-18,2618,Wednesday,12,26.0,0.0,0,0,regular,-0.003517809288496947
2024-12-19,2761,Thursday,12,28.1,0.0,0,0,comfort_food,-0.011586768601522817
2024-12-20,1480,Friday,12,28.0,0.0,1,0,regular,-0.22794452128242504
2024-12-21,1757,Saturday,12,28.9,0.0,1,0,festive,-0.11914882326508991
2024-12-22,1450,Sunday,12,27.5,0.0,1,0,light_weekend,-0.15633519153280998
2024-12-23,2003,Monday,12,29.3,0.0,1,0,protein_rich,-0.09752052693119385
2024-12-24,1911,Tuesday,12,30.3,0.0,1,0,comfort_food,-0.14471824079987927
2024-12-25,1731,Wednesday,12,28.8,0.0,1,0,regional_special,-0.20078633651345074
2024-12-26,1722,Thursday,12,29.1,0.0,1,0,comfort_food,-0.215135190426613
2024-12-27,1565,Friday,12,28.6,0.0,1,0,regular,-0.22789720017328352
2024-12-28,1839,Saturday,12,28.5,0.0,1,0,festive,-0.08843714790261853
2024-12-29,1508,Sunday,12,27.2,0.0,1,0,festive,-0.1672360999497253
2024-12-30,1839,Monday,12,29.1,0.0,1,0,regular,-0.12819195458600424
2024-12-31,1872,Tuesday,12,28.3,0.0,1,0,regular,-0.16162247856982767
2025-01-01,1790,Wednesday,1,32.3,0.9,1,0,regular,-0.16845339914421137
2025-01-02,1619,Thursday,1,31.3,0.0,1,0,comfort_food,-0.19074039093961043
2025-01-03,1973,Friday,1,29.2,0.0,1,0,regular,-0.023836494103070843
2025-01-04,1486,Saturday,1,27.1,0.0,1,0,festive,-0.14054147669928807
2025-01-05,1450,Sunday,1,26.5,0.0,1,0,light_weekend,-0.19292246520140835
2025-01-06,3104,Monday,1,30.6,6.8,0,0,protein_rich,0.04436016753268701
2025-01-07,2679,Tuesday,1,29.0,0.0,0,0,regular,-0.005039023822739569
2025-01-08,2690,Wednesday,1,29.4,0.0,0,0,regional_special,-0.027941717255858943
2025-01-09,2402,Thursday,1,25.4,0.0,0,0,regular,0.020993937141122795
2025-01-10,2531,Friday,1,30.2,0.0,0,0,regular,-0.0022394979469997837
2025-01-11,2306,Saturday,1,29.3,0.0,0,0,light_weekend,0.01711185041152316
2025-01-12,2116,Sunday,1,26.5,0.0,0,0,light_weekend,-0.01588509504239653
2025-01-13,2906,Monday,1,27.7,0.0,0,0,protein_rich,-0.02231924566383346
2025-01-14,2849,Tuesday,1,29.0,0.0,0,0,regular,0.06072758868799965
2025-01-15,2807,Wednesday,1,28.6,0.0,0,0,regular,0.054131399376725106
2025-01-16,2673,Thursday,1,28.0,0.0,0,0,comfort_food,0.030932473644168644
2025-01-17,2518,Friday,1,28.3,0.0,0,0,regular,-0.013573373988099564
2025-01-18,2108,Saturday,1,28.0,0.0,0,0,light_weekend,-0.01051112906063754
2025-01-19,2484,Sunday,1,28.8,0.0,0,0,festive,0.08838146060637628
2025-01-20,2824,Monday,1,31.1,0.0,0,0,protein_rich,0.007615948685140537
2025-01-21,2698,Tuesday,1,23.9,0.0,0,0,regular,-0.022139461272155415
2025-01-22,2914,Wednesday,1,28.1,0.0,0,0,regional_special,0.06552821364727587
2025-01-23,2664,Thursday,1,28.8,0.0,0,0,regular,-0.001668718856485531
2025-01-24,2686,Friday,1,29.0,2.1,0,0,regular,0.0618948864979846
2025-01-25,1973,Saturday,1,,0.0,0,0,light_weekend,-0.04894371687415008
2025-01-26,1693,Sunday,1,25.3,0.0,1,0,festive,-0.12186352910254242
2025-01-27,2800,Monday,1,29.1,11.8,0,0,regular,0.07248789097258153
2025-01-28,2659,Tuesday,1,31.6,,0,0,regular,0.001041276063060166
2025-01-29,2606,Wednesday,1,25.7,0.0,0,0,regular,-0.009240157229372868
2025-01-30,2561,Thursday,1,,0.0,0,0,regular,-0.040871317115944696
2025-01-31,2604,Friday,1,27.9,0.0,0,0,regular,0.037882006905233655
2025-02-01,2022,Saturday,2,28.4,0.0,0,0,light_weekend,-0.026954482892424064
2025-02-02,2037,Sunday,2,26.6,0.0,0,0,light_weekend,-0.0033182995786495994
2025-02-03,2761,Monday,2,27.9,5.3,0,0,protein_rich,-0.02320757979274141
2025-02-04,2785,Tuesday,2,30.8,8.9,0,0,regular,0.05449131100341015
2025-02-05,2867,Wednesday,2,29.5,0.0,0,0,regular,0.0404209858753989
2025-02-06,2597,Thursday,2,31.6,0.0,0,0,comfort_food,-0.0011054662224595825
2025-02-07,2542,Friday,2,30.6,13.5,0,0,comfort_food,-0.04039521274554249
2025-02-08,2373,Saturday,2,29.3,0.0,0,0,light_weekend,0.05375674672349213
2025-02-09,2574,Sunday,2,31.6,0.0,0,0,festive,0.02719238955334985
2025-02-10,2828,Monday,2,29.3,0.0,0,0,protein_rich,-0.018682169428613154
2025-02-11,2604,Tuesday,2,30.0,0.0,0,0,regular,-0.06167413043653904
2025-02-12,2680,Wednesday,2,28.0,,0,0,regional_special,-0.022608779616282125
2025-02-13,2602,Thursday,2,28.6,0.0,0,0,comfort_food,-0.05091233428854789
2025-02-14,2372,Friday,2,27.2,0.0,0,0,regular,-0.021798729278298862
2025-02-15,2073,Saturday,2,30.3,0.0,0,0,light_weekend,0.026054305679420034
2025-02-16,2495,Sunday,2,26.4,0.0,0,0,festive,0.026860994260866834
2025-02-17,3024,Monday,2,,12.6,0,0,protein_rich,0.03244926837397988
2025-02-18,2728,Tuesday,2,28.2,0.0,0,0,comfort_food,-0.025316713083628116
2025-02-19,2307,Wednesday,2,30.6,25.0,0,0,regular,-0.12138398402617061
2025-02-20,2955,Thursday,2,29.9,0.0,0,0,regular,0.06723152877301075
2025-02-21,2290,Friday,2,31.8,10.4,0,0,regular,-0.09388446424802468
2025-02-22,2714,Saturday,2,29.8,0.0,0,0,festive,0.05345503031668806
2025-02-23,2029,Sunday,2,25.7,0.0,0,0,light_weekend,-0.05479345296139535
2025-02-24,3252,Monday,2,28.4,0.0,0,0,protein_rich,0.07320371428459048
2025-02-25,2602,Tuesday,2,26.4,0.0,0,0,regular,-0.016702232013070285
2025-02-26,2795,Wednesday,2,27.6,0.0,0,0,regional_special,0.03676867774672754
2025-02-27,2564,Thursday,2,31.2,0.0,0,0,comfort_food,-0.004311310351561685
2025-02-28,2757,Friday,2,29.6,0.0,0,0,regular,0.021405277775728225
2025-03-01,2313,Saturday,3,27.2,0.0,0,0,light_weekend,0.023485434952385024
2025-03-02,2118,Sunday,3,26.7,0.0,0,0,light_weekend,-0.015835411882945096
2025-03-03,3154,Monday,3,28.6,0.0,0,0,regular,0.03821672525166482
2025-03-04,2681,Tuesday,3,26.3,0.0,0,0,comfort_food,-0.02656447023975849
2025-03-05,2626,Wednesday,3,27.3,14.0,0,0,regular,0.027227697700964004
2025-03-06,2649,Thursday,3,29.1,0.0,0,0,comfort_food,-0.013657185295828586
2025-03-07,2519,Friday,3,30.6,0.0,0,0,regular,0.012234528202122103
2025-03-08,1639,Saturday,3,29.6,0.0,1,0,festive,-0.1561697550823991
2025-03-09,2042,Sunday,3,24.4,0.0,0,0,light_weekend,0.0017491591147308454
2025-03-10,2595,Monday,3,29.0,0.0,0,0,protein_rich,-0.08603907589939898
2025-03-11,2608,Tuesday,3,28.6,0.0,0,0,regular,0.008664494464107796
2025-03-12,2896,Wednesday,3,29.2,0.0,0,0,regional_special,0.00154657422358551
2025-03-13,2677,Thursday,3,31.4,4.5,0,0,comfort_food,-0.01890537439253654
2025-03-14,2489,Friday,3,24.8,0.0,0,0,regular,-0.001925978823660366
2025-03-15,2303,Saturday,3,27.4,0.0,0,0,light_weekend,0.004690156665876847
2025-03-16,2131,Sunday,3,29.6,0.0,0,0,light_weekend,-0.02157249686427893
2025-03-17,2921,Monday,3,25.7,0.0,0,0,protein_rich,0.015493449849461579
2025-03-18,2666,Tuesday,3,31.2,0.0,0,0,regular,-0.03519431793132224
2025-03-19,2995,Wednesday,3,29.2,0.0,0,0,regional_special,0.08210065636363527
2025-03-20,2860,Thursday,3,30.0,0.0,0,0,comfort_food,0.03706915310728648
2025-03-21,2650,Friday,3,27.5,0.0,0,0,regular,0.00955829369710429
2025-03-22,2762,Saturday,3,30.1,0.0,0,0,festive,0.08102395246168434
2025-03-23,1970,Sunday,3,30.7,0.0,0,0,light_weekend,-0.06927383668393224
2025-03-24,2663,Monday,3,29.3,0.0,0,0,regular,-0.08951879082419022
2025-03-25,2625,Tuesday,3,29.5,0.0,0,0,regular,-0.013975187161246717
2025-03-26,2581,Wednesday,3,29.7,0.0,0,0,regular,-0.04824974502607382
2025-03-27,2660,Thursday,3,27.8,0.0,0,0,regular,-0.008281193355691524
2025-03-28,2537,Friday,3,29.2,0.0,0,0,regular,0.00719798242082146
2025-03-29,2657,Saturday,3,29.3,0.0,0,0,festive,0.0722145074419214
2025-03-30,2397,Sunday,3,30.4,0.0,0,0,festive,0.0001607605503675183
2025-03-31,2950,Monday,3,31.7,0.0,0,0,protein_rich,0.03398707401560251
2025-04-01,2580,Tuesday,4,28.1,0.0,0,0,regular,0.0005036392603281383
2025-04-02,2654,Wednesday,4,29.9,0.0,0,0,regular,0.012162825847657963
2025-04-03,2364,Thursday,4,32.9,0.0,0,0,comfort_food,-0.13363538293185065
2025-04-04,2803,Friday,4,29.1,0.0,0,0,regular,0.04840972989517421
2025-04-05,2278,Saturday,4,29.1,0.0,0,0,light_weekend,-0.003622802695040418
2025-04-06,2049,Sunday,4,31.0,0.0,0,0,light_weekend,0.062096377822631915
2025-04-07,2760,Monday,4,32.3,0.0,0,0,regular,-0.02766360287887783
2025-04-08,2726,Tuesday,4,31.0,14.4,0,0,regular,0.025998956898444375
2025-04-09,2790,Wednesday,4,33.5,0.0,0,0,regional_special,-0.002088396819618501
2025-04-10,2263,Thursday,4,32.7,0.0,0,1,regular,
2025-04-11,2259,Friday,4,32.8,0.0,0,1,regular,-0.03786896308363587
2025-04-12,1906,Saturday,4,32.5,0.0,0,1,light_weekend,-0.07047107177163563
2025-04-13,1631,Sunday,4,35.8,0.0,0,1,light_weekend,-0.1531687868005065
2025-04-14,1450,Monday,4,31.3,0.0,1,1,regular,-0.3472003843111008
2025-04-15,2447,Tuesday,4,28.2,0.0,0,1,regular,-0.015465224390058277
2025-04-16,2571,Wednesday,4,34.8,0.0,0,1,regional_special,-0.016940953974210644
2025-04-17,2582,Thursday,4,31.3,0.0,0,1,comfort_food,
2025-04-18,2323,Friday,4,32.4,0.0,0,1,comfort_food,-0.060613488689876205
2025-04-19,2021,Saturday,4,34.7,0.0,0,1,festive,-0.0652422180699262
2025-04-20,1914,Sunday,4,29.6,0.0,0,1,light_weekend,-0.07468543449278506
2025-04-21,2518,Monday,4,30.3,0.0,0,1,protein_rich,-0.03960014196235405
2025-04-22,2311,Tuesday,4,29.8,0.0,0,1,regular,-0.09524633784997882
2025-04-23,2374,Wednesday,4,31.4,0.0,0,1,regular,-0.0022998846959146543
2025-04-24,2432,Thursday,4,33.7,0.0,0,1,comfort_food,0.018382600787530803
2025-04-25,2215,Friday,4,34.0,0.0,0,1,comfort_food,-0.1512537930105076
2025-04-26,1854,Saturday,4,33.6,0.0,0,1,light_weekend,-0.06038023113443686
2025-04-27,1856,Sunday,4,30.7,0.0,0,1,light_weekend,-0.10532384424660513
2025-04-28,2710,Monday,4,29.2,0.0,0,1,protein_rich,0.014125186365461801
2025-04-29,2355,Tuesday,4,33.6,0.0,0,1,comfort_food,-0.05732926162028337
2025-04-30,2355,Wednesday,4,32.7,0.0,0,1,regional_special,-0.07012075394437142
2025-05-01,1450,Thursday,5,34.5,0.0,1,1,regular,-0.22315890689639117
2025-05-02,2154,Friday,5,35.1,0.0,0,1,regular,-0.0804999035146215
2025-05-03,1853,Saturday,5,34.1,0.0,0,1,light_weekend,-0.05485936894073635
2025-05-04,1690,Sunday,5,35.4,0.0,0,1,light_weekend,-0.1104863397795981
2025-05-05,2727,Monday,5,34.5,0.0,0,1,protein_rich,-0.0019519483761647992
2025-05-06,2695,Tuesday,5,35.1,,0,0,regular,-0.0036543864397485626
2025-05-07,2743,Wednesday,5,33.0,0.0,0,0,regional_special,0.04055803012219042
2025-05-08,2755,Thursday,5,34.1,0.0,0,0,comfort_food,-0.00703976622445668
2025-05-09,2543,Friday,5,34.8,0.0,0,0,regular,-0.004766989807439244
2025-05-10,2454,Saturday,5,36.0,0.0,0,0,festive,-0.002431109990218519
2025-05-11,2651,Sunday,5,33.9,0.0,0,0,festive,0.06659149405563501
2025-05-12,2652,Monday,5,35.7,0.0,0,0,regular,-0.030654398390808208
2025-05-13,2606,Tuesday,5,34.3,0.0,0,0,comfort_food,-0.017024783061973
2025-05-14,2901,Wednesday,5,34.7,0.0,0,0,regional_special,3.665151288878832e-05
2025-05-15,2668,Thursday,5,36.5,10.8,0,0,comfort_food,0.00424284642912748
2025-05-16,2410,Friday,5,31.5,0.0,0,0,regular,-0.05971339290762157
2025-05-17,2186,Saturday,5,32.8,0.0,0,0,light_weekend,-0.008078205292080578
2025-05-18,2691,Sunday,5,32.6,0.0,0,0,festive,0.06783305765252998
2025-05-19,2869,Monday,5,31.1,0.0,0,0,protein_rich,0.006758168791663409
2025-05-20,1579,Tuesday,5,34.1,0.0,1,0,regular,-0.18786561139746624
2025-05-21,1667,Wednesday,5,36.8,0.0,1,0,regional_special,-0.17431578822050456
2025-05-22,1814,Thursday,5,35.0,0.0,1,0,comfort_food,-0.18440861513914497
2025-05-23,1933,Friday,5,35.9,0.0,1,0,comfort_food,-0.07270766398938006
2025-05-24,1450,Saturday,5,37.6,0.0,1,0,light_weekend,-0.18127211432834164
2025-05-25,1736,Sunday,5,38.1,0.0,1,0,festive,-0.10520743904979363
2025-05-26,1735,Monday,5,35.6,0.0,1,0,regular,-0.21679115815434816
2025-05-27,1603,Tuesday,5,38.2,0.0,1,0,regular,-0.19310686613200362
2025-05-28,1561,Wednesday,5,36.0,0.0,1,0,regular,-0.22835709633772772
2025-05-29,1819,Thursday,5,34.4,0.0,1,0,comfort_food,-0.14705163173283792
2025-05-30,1551,Friday,5,34.9,0.0,1,0,regular,-0.18323253723932575
2025-05-31,1646,Saturday,5,33.4,0.0,1,0,festive,-0.16975698717620522
2025-06-01,1651,Sunday,6,34.5,0.0,1,0,festive,-0.13677070399498878
2025-06-02,1631,Monday,6,35.5,0.0,1,0,protein_rich,-0.20212600752134086
2025-06-03,1572,Tuesday,6,37.6,0.0,1,0,regular,-0.21617234360111423
2025-06-04,1532,Wednesday,6,39.3,0.0,1,0,regional_special,-0.23110467354481232
2025-06-05,1738,Thursday,6,33.7,0.0,1,0,comfort_food,-0.217337273314509
2025-06-06,1563,Friday,6,37.0,0.0,1,0,comfort_food,-0.13249318456000678
2025-06-07,1615,Saturday,6,34.4,0.0,1,0,festive,-0.16565914159489084
2025-06-08,1450,Sunday,6,37.2,0.0,1,0,light_weekend,-0.16368212070719823
2025-06-09,1760,Monday,6,36.1,0.0,1,0,regular,-0.20927054969845726
2025-06-10,1781,Tuesday,6,33.1,0.0,1,0,regular,-0.15341631889828733
2025-06-11,1765,Wednesday,6,38.1,0.0,1,0,regional_special,-0.21591287003259604
2025-06-12,1943,Thursday,6,35.3,0.0,1,0,regular,
2025-06-13,1586,Friday,6,35.5,0.0,1,0,regular,-0.1781502041545868
2025-06-14,1878,Saturday,6,34.5,10.1,1,0,festive,-0.05852681322506927
2025-06-15,1450,Sunday,6,35.2,0.0,1,0,light_weekend,-0.1579351149206942
2025-06-16,1866,Monday,6,37.1,0.0,1,0,protein_rich,-0.18075164050152456
2025-06-17,1630,Tuesday,6,36.0,0.0,1,0,regular,-0.156023286272232
2025-06-18,1748,Wednesday,6,,0.0,1,0,regular,-0.10516389353301771
2025-06-19,1597,Thursday,6,36.8,0.0,1,0,comfort_food,-0.23703726316695034
2025-06-20,1608,Friday,6,38.5,0.0,1,0,regular,-0.20948687148990544
2025-06-21,1474,Saturday,6,35.5,0.0,1,0,festive,-0.14829141456896527
2025-06-22,1459,Sunday,6,33.4,0.0,1,0,light_weekend,-0.19459808794996827
2025-06-23,2134,Monday,6,37.9,0.0,1,0,protein_rich,-0.018161519043051966
2025-06-24,1450,Tuesday,6,35.3,0.0,1,0,regular,-0.2256481292957635
2025-06-25,1545,Wednesday,6,37.8,9.3,1,0,regional_special,-0.13086153812574958
2025-06-26,1450,Thursday,6,36.4,0.0,1,0,regular,-0.22979130094668168
2025-06-27,1603,Friday,6,35.4,0.0,1,0,regular,-0.18700744833678745
2025-06-28,1732,Saturday,6,36.2,12.2,1,0,festive,-0.10339592928837557
2025-06-29,1589,Sunday,6,39.0,9.9,1,0,festive,-0.14105647000010482
2025-06-30,1678,Monday,6,39.2,19.5,1,0,protein_rich,-0.19427879584159694
2025-07-01,1541,Tuesday,7,35.5,0.0,1,0,comfort_food,-0.2272036479730885
2025-07-02,1682,Wednesday,7,35.6,18.5,1,0,regional_special,-0.18804997186097236
2025-07-03,1587,Thursday,7,37.1,0.0,1,0,regular,-0.20649603480476633
2025-07-04,1678,Friday,7,33.6,0.0,1,0,regular,-0.17281691179039577
2025-07-05,1450,Saturday,7,35.6,14.6,1,0,light_weekend,-0.2290507901703463
2025-07-06,2258,Sunday,7,34.9,0.0,0,0,light_weekend,0.02845625079106677
2025-07-07,2716,Monday,7,35.4,0.0,0,0,regular,0.004044233310756263
2025-07-08,2647,Tuesday,7,33.2,0.0,0,0,regular,0.006644273802336696
2025-07-09,2850,Wednesday,7,31.8,15.8,0,0,regional_special,0.05043768723840059
2025-07-10,2753,Thursday,7,30.8,0.0,0,0,comfort_food,-0.01532284244301531
2025-07-11,2544,Friday,7,32.4,15.0,0,0,comfort_food,-0.02540358431566284
2025-07-12,2536,Saturday,7,33.5,0.0,0,0,festive,0.020828273007859437
2025-07-13,2201,Sunday,7,33.7,0.0,0,0,light_weekend,-0.006738429933314029
2025-07-14,3060,Monday,7,37.6,6.7,0,0,protein_rich,0.016816228682303497
2025-07-15,2606,Tuesday,7,36.0,13.3,0,0,regular,-0.029074420781062062
2025-07-16,2666,Wednesday,7,32.2,0.0,0,0,regional_special,-0.07080798385615707
2025-07-17,2679,Thursday,7,34.4,13.7,0,0,regular,-0.019632515030766337
2025-07-18,2551,Friday,7,32.9,17.4,0,0,regular,0.012593898320041146
2025-07-19,2658,Saturday,7,33.1,0.0,0,0,festive,0.04476904071887223
2025-07-20,2516,Sunday,7,33.8,17.7,0,0,festive,0.08198440644390395
2025-07-21,3125,Monday,7,,14.5,0,0,protein_rich,0.0884420290387326
2025-07-22,2722,Tuesday,7,32.6,24.3,0,0,regular,0.026576682001046393
2025-07-23,2566,Wednesday,7,35.0,56.6,0,0,regular,0.0009882224842879053
2025-07-24,2712,Thursday,7,30.9,0.0,0,0,comfort_food,0.026837100229209203
2025-07-25,2700,Friday,7,32.9,0.0,0,0,regular,0.05984647395745843
2025-07-26,2792,Saturday,7,37.4,0.0,0,0,festive,0.10477987720019438
2025-07-27,2084,Sunday,7,33.0,48.6,0,0,light_weekend,-0.0021092190227375573
2025-07-28,2673,Monday,7,35.1,0.0,0,0,regular,0.02472330512486049
2025-07-29,2620,Tuesday,7,32.5,19.5,0,0,regular,-0.007183126017807861
2025-07-30,2543,Wednesday,7,33.3,0.0,0,0,regular,-0.001446804833736844
2025-07-31,2639,Thursday,7,32.0,20.4,0,0,regular,-0.011824306597259176
2025-08-01,2669,Friday,8,31.7,0.0,0,0,regular,0.021743806381326954
2025-08-02,2601,Saturday,8,30.4,16.7,0,0,festive,0.0147878186924228
2025-08-03,2056,Sunday,8,32.5,10.5,0,0,light_weekend,-0.006688717342296848
2025-08-04,2734,Monday,8,30.0,10.2,0,0,protein_rich,-0.06243094598124051
2025-08-05,2672,Tuesday,8,32.6,51.5,0,0,regular,0.02055814631703784
2025-08-06,2559,Wednesday,8,33.2,23.9,0,0,regular,-0.007716610390521145
2025-08-07,2755,Thursday,8,31.8,0.0,0,0,regular,0.015945315306780193
2025-08-08,2825,Friday,8,30.5,0.0,0,0,comfort_food,0.05102253431489909
2025-08-09,2343,Saturday,8,31.7,22.9,0,0,light_weekend,0.010510270310441295
2025-08-10,2193,Sunday,8,30.2,0.0,0,0,light_weekend,0.0505520295732701
2025-08-11,2762,Monday,8,32.3,0.0,0,0,regular,-0.04346082342529785
2025-08-12,2873,Tuesday,8,27.2,0.0,0,0,regular,0.08390818063591958
2025-08-13,2834,Wednesday,8,29.7,0.0,0,0,regular,0.0380488569471068
2025-08-14,2654,Thursday,8,26.6,0.0,0,0,comfort_food,0.007322087237032434
2025-08-15,1712,Friday,8,27.3,12.0,1,0,regular,-0.1301222233581094
2025-08-16,1941,Saturday,8,32.4,0.0,0,0,light_weekend,
2025-08-17,2758,Sunday,8,31.4,0.0,0,0,festive,0.14719995595084112
2025-08-18,3052,Monday,8,28.3,36.5,0,0,protein_rich,0.05329876387408328
2025-08-19,2470,Tuesday,8,26.8,18.1,0,0,regular,-0.06534710633132378
2025-08-20,2888,Wednesday,8,24.0,18.8,0,0,regional_special,0.019616022123558174
2025-08-21,2655,Thursday,8,,0.0,0,0,comfort_food,0.01862616559458039
2025-08-22,2480,Friday,8,33.4,62.2,0,0,regular,0.0131229035887757
2025-08-23,2426,Saturday,8,29.7,0.0,0,0,festive,-0.015403439690278277
2025-08-24,2204,Sunday,8,27.7,0.0,0,0,light_weekend,0.05633708699610717
2025-08-25,2983,Monday,8,29.4,0.0,0,0,protein_rich,0.00041852398978840105
2025-08-26,2745,Tuesday,8,25.7,23.7,0,0,regular,-0.01564533109691492
2025-08-27,2499,Wednesday,8,27.8,0.0,0,0,regular,-0.042770153543592766
2025-08-28,2539,Thursday,8,28.4,0.0,0,0,comfort_food,-0.038074821311342384
2025-08-29,2507,Friday,8,27.9,22.1,0,0,regular,0.014123282160887285
2025-08-30,2263,Saturday,8,29.3,0.0,0,0,light_weekend,-0.038931617017347445
2025-08-31,2043,Sunday,8,28.4,51.9,0,0,light_weekend,-0.06646674410172017
2025-09-01,2690,Monday,9,28.8,29.6,0,0,regular,-0.030103811643941377
2025-09-02,2474,Tuesday,9,26.2,28.5,0,0,comfort_food,-0.04770618320470267
2025-09-03,2390,Wednesday,9,28.9,47.6,0,0,regular,-0.05237332012259631
2025-09-04,2740,Thursday,9,30.1,27.2,0,0,comfort_food,0.008484751711470706
2025-09-05,2595,Friday,9,25.3,16.0,0,0,comfort_food,-0.00970736416758568
2025-09-06,1931,Saturday,9,25.3,43.5,0,0,light_weekend,-0.026552645858352056
2025-09-07,2162,Sunday,9,29.1,11.3,0,0,light_weekend,0.02436726116426294
2025-09-08,3087,Monday,9,26.3,40.3,0,0,protein_rich,0.03493475080659321
2025-09-09,2704,Tuesday,9,29.0,26.1,0,0,comfort_food,-0.012503335800630087
2025-09-10,2738,Wednesday,9,25.5,22.7,0,0,regional_special,-0.03654777054516555
2025-09-11,2712,Thursday,9,28.8,22.5,0,0,regular,0.0026633067622880676
2025-09-12,2911,Friday,9,26.3,24.5,0,0,regular,0.18040309272041788
2025-09-13,2071,Saturday,9,26.4,0.0,0,0,light_weekend,-0.05112538570901827
2025-09-14,2037,Sunday,9,28.6,31.9,0,0,light_weekend,-0.041521290395265475
2025-09-15,2577,Monday,9,25.0,0.0,0,0,regular,-0.025171541358702934
2025-09-16,2579,Tuesday,9,23.8,9.2,0,0,comfort_food,-0.007273776605213179
2025-09-17,2750,Wednesday,9,24.6,0.0,0,0,regional_special,-0.026636186626937505
2025-09-18,2651,Thursday,9,26.0,0.0,0,0,comfort_food,0.02474642537839149
2025-09-19,2415,Friday,9,22.3,0.0,0,0,regular,-0.05617966205104462
2025-09-20,2045,Saturday,9,26.2,21.0,0,0,light_weekend,-0.05529015440180487
2025-09-21,2361,Sunday,9,24.1,38.9,0,0,festive,0.007463891597098822
2025-09-22,2965,Monday,9,27.1,23.0,0,0,protein_rich,0.013852151855105016
2025-09-23,2384,Tuesday,9,20.7,36.3,0,0,comfort_food,-0.06786253555003363
2025-09-24,2589,Wednesday,9,23.6,0.0,0,0,regular,-0.02123620949266477
2025-09-25,2176,Thursday,9,22.0,0.0,0,0,comfort_food,-0.09061474927069571
2025-09-26,2360,Friday,9,23.6,49.2,0,0,regular,-0.0500654281457751
2025-09-27,1996,Saturday,9,25.5,23.2,0,0,light_weekend,0.0053158519151252
2025-09-28,2385,Sunday,9,24.8,26.4,0,0,festive,0.014744739045175332
2025-09-29,2915,Monday,9,24.7,30.9,0,0,regular,0.04287427050028958
2025-09-30,2740,Tuesday,9,24.9,26.6,0,0,regular,0.014687162390675027
2025-10-01,2524,Wednesday,10,25.5,22.5,0,0,regional_special,-0.02824897322244627
2025-10-02,1520,Thursday,10,23.4,0.0,1,0,regular,-0.17669209773213493
2025-10-03,2495,Friday,10,26.5,25.4,0,0,regular,0.003740536151196178
2025-10-04,2321,Saturday,10,26.4,11.4,0,0,light_weekend,0.04251525160742234
2025-10-05,1882,Sunday,10,25.9,8.0,0,0,light_weekend,-0.02101338501207229
2025-10-06,2826,Monday,10,26.3,0.0,0,0,regular,0.02685685442022007
2025-10-07,2748,Tuesday,10,25.8,0.0,0,0,comfort_food,0.0014649066523867162
2025-10-08,2866,Wednesday,10,29.0,27.5,0,0,regional_special,0.04845482807570682
2025-10-09,1792,Thursday,10,25.2,33.3,1,0,comfort_food,-0.1472687991576207
2025-10-10,1619,Friday,10,24.8,17.3,1,0,regular,-0.17310572433925897
2025-10-11,1450,Saturday,10,24.0,,1,0,light_weekend,-0.2095798917355621
2025-10-12,1450,Sunday,10,23.6,11.4,1,0,light_weekend,-0.16226879316121903
2025-10-13,1807,Monday,10,23.2,13.7,1,0,protein_rich,-0.1663157509494508
2025-10-14,1735,Tuesday,10,23.9,0.0,1,0,comfort_food,-0.12118925129075826
2025-10-15,3084,Wednesday,10,25.4,25.7,0,0,regional_special,0.15365395220578162
2025-10-16,2619,Thursday,10,26.1,0.0,0,0,regular,-0.014197492137949304
2025-10-17,2603,Friday,10,,26.3,0,0,regular,-0.0180365280125874
2025-10-18,2072,Saturday,10,24.2,0.0,0,0,light_weekend,-0.042456245481954764
2025-10-19,2605,Sunday,10,27.3,0.0,0,0,festive,0.0594795694832663
2025-10-20,2728,Monday,10,27.0,0.0,0,0,protein_rich,-0.008700392092382592
2025-10-21,2640,Tuesday,10,25.4,49.7,0,0,regular,0.0013851888265711404
2025-10-22,2566,Wednesday,10,24.6,8.9,0,0,regional_special,-0.045252726890055064
2025-10-23,2745,Thursday,10,26.8,0.0,0,0,regular,0.0044534507140637615
2025-10-24,2596,Friday,10,26.2,0.0,0,0,regular,0.040257831547410874
2025-10-25,1964,Saturday,10,23.3,25.2,0,0,light_weekend,-0.07562864726182728
2025-10-26,2338,Sunday,10,25.8,24.2,0,0,light_weekend,0.07063929403272651
2025-10-27,2858,Monday,10,26.4,28.3,0,0,protein_rich,0.00016501809806616571
2025-10-28,2557,Tuesday,10,24.4,0.0,0,0,regular,0.004938338375674875
2025-10-29,3000,Wednesday,10,26.4,0.0,0,0,regional_special,0.020000722893072035
2025-10-30,2599,Thursday,10,23.5,0.0,0,0,comfort_food,0.025414516964044377
2025-10-31,2642,Friday,10,28.5,0.0,0,0,comfort_food,0.009585937839088876
2025-11-01,1522,Saturday,11,28.4,11.3,1,0,light_weekend,-0.14509153957027712
2025-11-02,1450,Sunday,11,25.7,34.2,1,0,light_weekend,-0.17563252504773655
2025-11-03,1999,Monday,11,26.9,19.0,1,0,protein_rich,-0.09836916009886935
2025-11-04,2430,Tuesday,11,22.0,0.0,0,0,regular,-0.055209085792322796
2025-11-05,2860,Wednesday,11,24.3,21.5,0,0,regional_special,0.06876224319590805
2025-11-06,2656,Thursday,11,25.9,24.6,0,0,comfort_food,0.03153775940831796
2025-11-07,2527,Friday,11,24.5,25.2,0,0,regular,-0.0635012544018892
2025-11-08,2705,Saturday,11,27.8,2.1,0,0,light_weekend,0.21838758697692973
2025-11-09,2145,Sunday,11,30.1,0.0,0,0,light_weekend,-0.020102043796702662
2025-11-10,2579,Monday,11,24.5,31.2,0,1,protein_rich,0.0030440405320607405
2025-11-11,2258,Tuesday,11,25.1,7.3,0,1,regular,-0.05906222949081966
2025-11-12,2351,Wednesday,11,27.1,0.0,0,1,regular,-0.022861840983909712
2025-11-13,2121,Thursday,11,29.6,31.7,0,1,comfort_food,-0.0941467618803028
2025-11-14,2200,Friday,11,24.6,8.4,0,1,regular,-0.03809894099186442
2025-11-15,2224,Saturday,11,27.3,0.0,0,1,festive,-0.028861669088804186
2025-11-16,2056,Sunday,11,30.2,0.0,0,1,light_weekend,-0.004734891094353891
2025-11-17,2272,Monday,11,24.0,13.4,0,1,regular,-0.04464661414040467
2025-11-18,2619,Tuesday,11,24.7,0.0,0,1,comfort_food,0.07510245411853872
2025-11-19,2085,Wednesday,11,26.3,0.0,0,1,regional_special,-0.13574269050155746
2025-11-20,2420,Thursday,11,26.2,0.0,0,1,comfort_food,-0.06299504379260189
2025-11-21,2183,Friday,11,28.6,0.0,0,1,regular,-0.04563069277295964
2025-11-22,2352,Saturday,11,27.7,0.0,0,1,festive,-0.012173478274610246
2025-11-23,2275,Sunday,11,24.1,0.0,0,1,festive,0.013640502480124779
2025-11-24,2509,Monday,11,28.3,0.0,0,1,protein_rich,-0.052806648579810905
2025-11-25,2196,Tuesday,11,26.4,0.0,0,1,regular,-0.05829245132378793
2025-11-26,2373,Wednesday,11,29.7,0.0,0,1,regional_special,-0.01865706324547528
2025-11-27,2184,Thursday,11,26.4,16.7,0,1,comfort_food,-0.1397541151205875
2025-11-28,2136,Friday,11,26.4,0.0,0,1,regular,-0.03937273244265806
2025-11-29,2298,Saturday,11,28.6,6.7,0,1,festive,-0.03168596890977437
2025-11-30,1795,Sunday,11,29.1,0.0,0,1,light_weekend,-0.09193113435937675
2025-12-01,3018,Monday,12,28.6,0.0,0,0,protein_rich,0.031779047849659306
2025-12-02,2858,Tuesday,12,24.8,0.0,0,0,comfort_food,0.04296079538830295
2025-12-03,2694,Wednesday,12,28.8,10.8,0,0,regular,0.036370034101946336
2025-12-04,2573,Thursday,12,26.1,0.0,0,0,comfort_food,-0.0047289560817320025
2025-12-05,2710,Friday,12,28.4,0.0,0,0,regular,0.030650933731633204
2025-12-06,2208,Saturday,12,25.5,19.5,0,0,light_weekend,0.03038237644560455
2025-12-07,2282,Sunday,12,28.9,0.0,0,0,festive,0.03694200553273916
2025-12-08,2888,Monday,12,26.7,30.7,0,0,protein_rich,-0.012807819319587275
2025-12-09,2517,Tuesday,12,25.9,0.0,0,0,regular,-0.02223319108928155
2025-12-10,3241,Wednesday,12,29.6,0.0,0,0,regional_special,0.16126247892952253
2025-12-11,3279,Thursday,12,28.8,0.0,0,0,comfort_food,0.16925104060493862
2025-12-12,2465,Friday,12,27.3,0.0,0,0,regular,-0.03661637769057059
2025-12-13,2578,Saturday,12,31.1,8.1,0,0,festive,-0.018970199242819376
2025-12-14,2207,Sunday,12,27.7,0.0,0,0,light_weekend,0.029114100823373283
2025-12-15,3031,Monday,12,28.6,5.1,0,0,protein_rich,0.0008627552207521663
2025-12-16,2644,Tuesday,12,29.0,0.0,0,0,regular,0.01156357144795936
2025-12-17,2865,Wednesday,12,27.4,0.0,0,0,regional_special,0.04338974174741933
2025-12-18,2586,Thursday,12,29.3,0.0,0,0,regular,-0.045812356689871984
2025-12-19,2541,Friday,12,27.5,0.0,0,0,regular,-0.0015798083179495727
2025-12-20,1516,Saturday,12,27.8,9.1,1,0,light_weekend,-0.18597429511766042
2025-12-21,1616,Sunday,12,31.0,0.0,1,0,festive,-0.12670899935302135
2025-12-22,2145,Monday,12,26.6,5.6,1,0,protein_rich,-0.11662940005528478
2025-12-23,1775,Tuesday,12,24.2,0.0,1,0,comfort_food,-0.22653081351318427
2025-12-24,1777,Wednesday,12,31.4,0.0,1,0,regular,-0.16005707179529816
2025-12-25,1852,Thursday,12,33.1,0.0,1,0,comfort_food,-0.14389666787522043
2025-12-26,1729,Friday,12,27.8,0.0,1,0,regular,-0.1865231972384874
2025-12-27,1541,Saturday,12,25.0,0.0,1,0,festive,-0.14481064475125932
2025-12-28,1450,Sunday,12,27.9,0.0,1,0,light_weekend,-0.16535427208552772
2025-12-29,1913,Monday,12,28.0,10.9,1,0,regular,-0.16793140227385742
2025-12-30,1831,Tuesday,12,28.2,0.0,1,0,comfort_food,-0.1596176587421507
2025-12-31,1707,Wednesday,12,26.5,0.0,1,0,regular,-0.1603551815759574
2026-01-01,1625,Thursday,1,29.5,0.0,1,0,regular,-0.21436903069654778
2026-01-02,1511,Friday,1,29.4,0.0,1,0,regular,-0.14534067258032696
2026-01-03,1730,Saturday,1,25.8,0.0,1,0,festive,-0.09916258932334163
2026-01-04,1450,Sunday,1,29.8,0.0,1,0,light_weekend,-0.17348709872083956
2026-01-05,1744,Monday,1,32.2,0.0,1,0,regular,-0.23229543572923833
2026-01-06,2777,Tuesday,1,28.8,0.0,0,0,regular,-0.00401609971000317
2026-01-07,2742,Wednesday,1,27.9,0.0,0,0,regular,0.006804205692919893
2026-01-08,2628,Thursday,1,28.2,0.0,0,0,comfort_food,-0.0400610083225386
2026-01-09,2462,Friday,1,29.6,0.0,0,0,comfort_food,-0.012604832225195471
2026-01-10,2522,Saturday,1,25.4,12.0,0,0,festive,-0.00932792856454897
2026-01-11,2236,Sunday,1,28.8,0.0,0,0,light_weekend,
2026-01-12,2901,Monday,1,27.8,0.0,0,0,regular,0.005808436021571796
2026-01-13,2727,Tuesday,1,31.8,0.0,0,0,regular,-0.05760241076849856
2026-01-14,2647,Wednesday,1,28.2,0.0,0,0,regional_special,0.012301270155369321
2026-01-15,2665,Thursday,1,31.5,0.0,0,0,comfort_food,-0.0019778131586601936
2026-01-16,2527,Friday,1,26.5,0.0,0,0,regular,0.01807449989640417
2026-01-17,2623,Saturday,1,29.6,0.0,0,0,festive,0.026296364818560028
2026-01-18,2078,Sunday,1,29.1,0.0,0,0,light_weekend,-0.02805177902600585
2026-01-19,2834,Monday,1,26.9,0.0,0,0,protein_rich,-0.0069795619260232394
2026-01-20,2739,Tuesday,1,28.8,0.0,0,0,regular,-0.018835957579194165
2026-01-21,2665,Wednesday,1,30.7,2.5,0,0,regional_special,0.0006588783803366466
2026-01-22,2627,Thursday,1,27.9,0.0,0,0,comfort_food,0.005178546289867722
2026-01-23,2421,Friday,1,25.5,0.0,0,0,regular,-0.0066751957232836
2026-01-24,2575,Saturday,1,28.5,18.6,0,0,festive,0.02518381578512183
2026-01-25,1986,Sunday,1,26.9,0.0,0,0,light_weekend,-0.012299114380191864
2026-01-26,2088,Monday,1,27.9,0.0,1,0,protein_rich,-0.07222963250725734
2026-01-27,2616,Tuesday,1,28.4,1.2,0,0,regular,-0.026975380302437308
2026-01-28,2589,Wednesday,1,25.4,0.0,0,0,regional_special,-0.019529020299116743
2026-01-29,3046,Thursday,1,25.6,0.0,0,0,comfort_food,0.1152848937928852
2026-01-30,2603,Friday,1,29.4,0.0,0,0,regular,0.01473546558611934
2026-01-31,2604,Saturday,1,27.6,0.0,0,0,festive,-0.008299323306629351
2026-02-01,2505,Sunday,2,23.9,0.0,0,0,festive,0.06949405213920422
2026-02-02,2857,Monday,2,29.9,0.0,0,0,protein_rich,-0.01185136112204017
2026-02-03,2797,Tuesday,2,29.0,0.0,0,0,comfort_food,0.031817152773178405
2026-02-04,2721,Wednesday,2,27.2,0.0,0,0,regional_special,-0.007383679777973851
2026-02-05,2636,Thursday,2,26.1,0.0,0,0,regular,-0.01539285473212926
2026-02-06,2680,Friday,2,30.0,0.0,0,0,regular,0.05632077390896541
2026-02-07,2327,Saturday,2,29.1,0.0,0,0,light_weekend,0.01982404734307357
2026-02-08,2537,Sunday,2,,0.0,0,0,festive,0.07405463031072226
2026-02-09,3060,Monday,2,29.3,11.7,0,0,protein_rich,0.035222188783198126
2026-02-10,2612,Tuesday,2,29.2,0.0,0,0,regular,-0.01555555833275845
2026-02-11,2806,Wednesday,2,28.2,7.8,0,0,regular,0.021397404709037286
2026-02-12,2823,Thursday,2,30.0,0.0,0,0,comfort_food,0.042322538743956126
2026-02-13,2712,Friday,2,29.6,0.0,0,0,regular,0.004715831523114369
2026-02-14,3003,Saturday,2,30.8,0.0,0,0,festive,0.22
2026-02-15,2068,Sunday,2,27.6,0.0,0,0,light_weekend,0.029767052112066806
2026-02-16,2915,Monday,2,27.7,0.0,0,0,protein_rich,0.027419389242006417
2026-02-17,2656,Tuesday,2,27.6,0.0,0,0,comfort_food,0.008802028585623626
2026-02-18,2653,Wednesday,2,29.9,0.0,0,0,regional_special,0.004803299513866866
2026-02-19,2587,Thursday,2,31.2,0.0,0,0,regular,-0.04379335749582471
2026-02-20,2557,Friday,2,27.7,0.0,0,0,regular,-0.003152526853301179
2026-02-21,2617,Saturday,2,27.7,0.0,0,0,festive,0.047741526986940855
2026-02-22,2073,Sunday,2,29.1,0.0,0,0,light_weekend,-0.014562979244328507
2026-02-23,2935,Monday,2,28.1,0.0,0,0,protein_rich,0.031818695654664324
2026-02-24,2845,Tuesday,2,30.2,0.0,0,0,regular,0.0007457621624288887
2026-02-25,2622,Wednesday,2,24.4,0.0,0,0,regular,0.0270792161884569
2026-02-26,2635,Thursday,2,27.0,0.0,0,0,comfort_food,0.02320893333730059
2026-02-27,2637,Friday,2,27.1,0.0,0,0,regular,0.005850365065469444
2026-02-28,2047,Saturday,2,24.3,0.0,0,0,light_weekend,-0.047852451195569946
2026-03-01,2631,Sunday,3,26.8,9.0,0,0,light_weekend,0.16031552333928245
2026-03-02,3125,Monday,3,26.9,0.0,0,0,regular,0.14628347608633208
2026-03-03,2767,Tuesday,3,28.1,0.0,0,0,regular,-0.0028310258793296118
2026-03-04,2816,Wednesday,3,30.5,0.0,0,0,regional_special,-0.01198822970447857
2026-03-05,2560,Thursday,3,28.1,0.0,0,0,regular,-0.01709440796229378
2026-03-06,2621,Friday,3,26.6,9.3,0,0,regular,0.054042031680018345
2026-03-07,2410,Saturday,3,28.4,0.0,0,0,light_weekend,0.0485115512135128
2026-03-08,1450,Sunday,3,30.4,0.0,1,0,light_weekend,-0.16444623087478152
2026-03-09,2458,Monday,3,26.7,0.0,0,0,regular,-0.06504713192137138
2026-03-10,2646,Tuesday,3,26.9,0.0,0,0,regular,0.02166912947548136
2026-03-11,2548,Wednesday,3,29.5,0.0,0,0,regional_special,0.0025828943619280458
2026-03-12,2736,Thursday,3,,0.0,0,0,comfort_food,-0.0066578021413084615
2026-03-13,2579,Friday,3,29.7,0.0,0,0,regular,0.011833707252721558
2026-03-14,2591,Saturday,3,28.5,0.0,0,0,festive,0.024559478856909428
2026-03-15,2401,Sunday,3,29.8,0.0,0,0,festive,0.04882924924012014
2026-03-16,2684,Monday,3,26.6,0.0,0,0,regular,0.007147732396757244
2026-03-17,2719,Tuesday,3,28.5,0.0,0,0,regular,0.02110276074402736
2026-03-18,2640,Wednesday,3,28.1,0.0,0,0,regional_special,-0.021669793511646312
2026-03-19,2750,Thursday,3,26.3,0.0,0,0,comfort_food,0.024854772350678928
2026-03-20,2497,Friday,3,25.7,0.0,0,0,regular,-0.03172090225326769
2026-03-21,2387,Saturday,3,29.7,0.0,0,0,light_weekend,-0.020039832806743353
2026-03-22,2096,Sunday,3,28.0,0.0,0,0,light_weekend,-0.018512377070101043
2026-03-23,2753,Monday,3,26.9,0.0,0,0,regular,-0.03752181203307874
2026-03-24,2785,Tuesday,3,28.7,0.0,0,0,comfort_food,0.0355481799184982
2026-03-25,2521,Wednesday,3,31.1,0.0,0,0,regional_special,-0.033916836666642906
2026-03-26,2555,Thursday,3,25.1,11.0,0,0,comfort_food,-0.024462071809233515
2026-03-27,2522,Friday,3,26.6,0.0,0,0,regular,0.04393926986703248
2026-03-28,2590,Saturday,3,27.8,8.2,0,0,festive,0.020029605435122232
2026-03-29,2057,Sunday,3,32.2,0.0,0,0,light_weekend,-0.006584993979833384
2026-03-30,2518,Monday,3,30.2,10.4,0,0,regular,-0.035421015032078756
2026-03-31,2673,Tuesday,3,31.3,,0,0,comfort_food,-0.08406716932001666
2026-04-01,2793,Wednesday,4,28.0,0.0,0,0,regional_special,0.029635768546687282
2026-04-02,2827,Thursday,4,28.1,0.0,0,0,regular,0.11923115899949399
