kitchen_id,date,predicted_demand,lower_bound,upper_bound,sigma,actual_demand,prepared_quantity,waste_quantity,shortage_quantity,menu_type,baseline_quantity,optimal_quantity,expected_waste,expected_shortage,expected_cost_inr,critical_ratio,shortage_probability,service_level_target,service_level_satisfied,optimized_waste_realized,optimized_shortage_realized,optimized_cost_inr,baseline_expected_waste,baseline_expected_shortage,baseline_expected_cost_inr,baseline_shortage_probability,baseline_waste_realized,baseline_shortage_realized,baseline_cost_inr,daily_cost_saving_inr
JU_BOYS,2026-06-29,163.40466662335012,155.11373277947024,171.69560046723,5.040529873315274,142,148,5.21,0.0,protein_rich,167,172,8.39624542800145,0.10531158412156588,299.66072710673683,0.95,0.04999999999999982,0.95,True,30.0,0.0,1050.0,4.2994571174757645,0.704123740825889,189.20780485707564,0.2378347685418416,25.0,0.0,875.0,-175.0
JU_BOYS,2026-06-30,159.817242000079,151.52630815619912,168.1081758439589,5.040529873315274,155,171,17.59,0.0,comfort_food,188,169,8.39624542800145,0.10531158412156588,299.66072710673683,0.95,0.04999999999999982,0.95,True,14.0,0.0,490.0,28.18275800951876,9.597766777540752e-09,986.3965308610339,1.1273383671017712e-08,33.0,0.0,1155.0,665.0
JU_BOYS,2026-07-01,164.11520583252354,155.82427198864366,172.40613967640343,5.040529873315274,148,154,4.24,0.0,regional_special,164,173,8.39624542800145,0.10531158412156588,299.66072710673683,0.95,0.04999999999999982,0.95,True,25.0,0.0,875.0,1.9538027769410822,2.069008609464625,182.17857071349226,0.5091173899265529,16.0,0.0,560.0,-315.0
JU_BOYS,2026-07-02,155.45915469871244,147.16822085483255,163.75008854259232,5.040529873315274,148,167,31.6,0.0,comfort_food,151,164,8.39624542800145,0.10531158412156588,299.66072710673683,0.95,0.04999999999999982,0.95,True,16.0,0.0,560.0,0.5206166095654968,4.979771308277936,292.1090032900789,0.811829957678304,3.0,0.0,105.0,-455.0
JU_BOYS,2026-07-03,160.89580001440902,152.60486617052914,169.1867338582889,5.040529873315274,169,182,22.58,0.0,regular,145,170,8.39624542800145,0.10531158412156588,299.66072710673683,0.95,0.04999999999999982,0.95,True,1.0,0.0,35.0,0.0011080606817471146,15.896908075090765,874.3687262538532,0.999193641956159,0.0,24.0,1320.0,1285.0
JU_BOYS,2026-07-04,160.77920627741946,152.48827243353958,169.07014012129935,5.040529873315274,192,202,16.46,0.0,festive,179,170,8.39624542800145,0.10531158412156588,299.66072710673683,0.95,0.04999999999999982,0.95,True,0.0,22.0,1210.0,18.220979282135435,0.0001855595548951386,637.7444806502594,0.000150256837156304,0.0,13.0,715.0,-495.0
JU_BOYS,2026-07-05,123.06524509945758,114.77431125557771,131.35617894333745,5.040529873315274,107,110,0.0,0.0,festive,116,132,8.396245428001436,0.10531158412156694,299.66072710673643,0.95,0.050000000000000044,0.95,True,25.0,0.0,875.0,0.18414124555767375,7.2493863450152585,405.1611925703578,0.9194956299551116,9.0,0.0,315.0,-560.0
JU_BOYS,2026-07-06,176.10519467262594,167.81426082874606,184.39612851650583,5.040529873315274,179,195,12.99,0.0,regular,142,185,8.39624542800145,0.10531158412156588,299.66072710673683,0.95,0.04999999999999982,0.95,True,6.0,0.0,210.0,4.729951813687045e-12,34.105194672630674,1875.7857069948525,0.9999999999933892,0.0,37.0,2035.0,1825.0
JU_BOYS,2026-07-07,176.92215827785384,168.63122443397396,185.21309212173372,5.040529873315274,165,160,0.0,5.0,regular,155,186,8.39624542800145,0.10531158412156588,299.66072710673683,0.95,0.04999999999999982,0.95,True,21.0,0.0,735.0,7.243766405773817e-06,21.922165521620244,1205.7193572209376,0.9999931675409551,0.0,10.0,550.0,-185.0
JU_BOYS,2026-07-08,176.00385647952896,167.71292263564908,184.29479032340885,5.040529873315274,223,253,38.57,0.0,regional_special,148,185,8.39624542800145,0.10531158412156588,299.66072710673683,0.95,0.04999999999999982,0.95,True,0.0,38.0,2090.0,1.1835070698799365e-08,28.003856491364033,1540.2121074392494,0.9999999861778289,0.0,75.0,4125.0,2035.0
JU_BOYS,2026-07-09,182.04677414467673,173.75584030079685,190.33770798855662,5.040529873315274,201,245,31.6,0.0,comfort_food,148,191,8.39624542800145,0.10531158412156588,299.66072710673683,0.95,0.04999999999999982,0.95,True,0.0,10.0,550.0,5.132030568561103e-12,34.04677414468186,1872.5725779576821,0.9999999999928386,0.0,53.0,2915.0,2365.0
JU_BOYS,2026-07-10,176.91185997749727,168.6209261336174,185.20279382137716,5.040529873315274,160,162,5.19,0.0,regular,169,186,8.39624542800145,0.10531158412156588,299.66072710673683,0.95,0.04999999999999982,0.95,True,26.0,0.0,910.0,0.1257971831735688,8.037657160670841,446.4740452479712,0.9417515416144997,9.0,0.0,315.0,-595.0
JU_BOYS,2026-07-11,182.29862150166178,174.0076876577819,190.58955534554167,5.040529873315274,220,233,14.35,0.0,festive,192,191,8.39624542800145,0.10531158412156588,299.66072710673683,0.95,0.04999999999999982,0.95,True,0.0,29.0,1595.0,9.753625877475036,0.052247379136821814,344.25051156415145,0.027135056424775983,0.0,28.0,1540.0,-55.0
JU_BOYS,2026-07-12,163.38385938494292,155.09292554106304,171.6747932288228,5.040529873315274,178,196,9.31,0.0,festive,107,172,8.39624542800145,0.10531158412156588,299.66072710673683,0.95,0.04999999999999982,0.95,True,0.0,6.0,330.0,1.058093851831388e-29,56.38385938494292,3101.112266171861,1.0,0.0,71.0,3905.0,3575.0
JU_BOYS,2026-07-13,191.043960850119,182.7530270062391,199.33489469399888,5.040529873315274,202,209,10.05,0.0,protein_rich,179,200,8.39624542800145,0.10531158412156588,299.66072710673683,0.95,0.04999999999999982,0.95,True,0.0,2.0,110.0,0.014155864359242057,12.058116714478235,663.6918745488764,0.9915625825537522,0.0,23.0,1265.0,1155.0
JU_BOYS,2026-07-14,189.73383337585898,181.4428995319791,198.02476721973886,5.040529873315274,212,238,32.4,0.0,regular,165,199,8.39624542800145,0.10531158412156588,299.66072710673683,0.95,0.04999999999999982,0.95,True,0.0,13.0,715.0,4.4191217536555715e-07,24.733833817771156,1360.3608754443399,0.9999995375779941,0.0,47.0,2585.0,1870.0
JU_BOYS,2026-07-15,190.8950763066432,182.60414246276332,199.1860101505231,5.040529873315274,233,244,28.66,0.0,regional_special,223,200,8.39624542800145,0.10531158412156588,299.66072710673683,0.95,0.04999999999999982,0.95,True,0.0,33.0,1815.0,32.104923693428596,7.17977962847032e-11,1123.6723292739496,9.491241126369232e-11,0.0,10.0,550.0,-1265.0
JU_BOYS,2026-07-16,189.55854064819874,181.26760680431886,197.84947449207863,5.040529873315274,221,254,45.06,0.0,comfort_food,201,198,8.39624542800145,0.10531158412156588,299.66072710673683,0.95,0.04999999999999982,0.95,True,0.0,23.0,1265.0,11.461609392932532,0.020150041131275387,402.2645810148588,0.01160706279713053,0.0,20.0,1100.0,-165.0
JU_BOYS,2026-07-17,185.88748998487307,177.5965561409932,194.17842382875295,5.040529873315274,214,216,0.06,0.0,regular,160,195,8.39624542800145,0.10531158412156588,299.66072710673683,0.95,0.04999999999999982,0.95,True,0.0,19.0,1045.0,1.2893385593217314e-07,25.88749011380693,1423.811960772066,0.9999998595767283,0.0,54.0,2970.0,1925.0
JU_BOYS,2026-07-18,189.24582728573688,180.954893441857,197.53676112961676,5.040529873315274,175,202,35.78,0.0,festive,220,198,8.39624542800145,0.10531158412156588,299.66072710673683,0.95,0.04999999999999982,0.95,True,23.0,0.0,805.0,30.754172714676788,4.136703805461881e-10,1076.3960450364395,5.257929647228821e-10,45.0,0.0,1575.0,770.0
JU_BOYS,2026-07-19,159.43620282543804,151.14526898155816,167.72713666931793,5.040529873315274,172,180,10.29,0.0,festive,178,168,8.39624542800145,0.10531158412156588,299.66072710673683,0.95,0.04999999999999982,0.95,True,0.0,4.0,220.0,18.563937439336833,0.00014026477487773638,649.7455249394075,0.00011529515092989495,6.0,0.0,210.0,-10.0
JU_BOYS,2026-07-20,176.40226210804218,168.1113282641623,184.69319595192206,5.040529873315274,208,217,16.77,0.0,protein_rich,202,185,8.39624542800145,0.10531158412156588,299.66072710673683,0.95,0.04999999999999982,0.95,True,0.0,23.0,1265.0,25.59773806845681,1.7649899047984487e-07,895.9208421034328,1.9033102827137327e-07,0.0,6.0,330.0,-935.0
JU_BOYS,2026-07-21,173.86277092397495,165.57183708009507,182.15370476785483,5.040529873315274,201,216,14.13,0.0,regular,212,183,8.39624542800145,0.10531158412156588,299.66072710673683,0.95,0.04999999999999982,0.95,True,0.0,18.0,990.0,38.137229076025065,1.3186500669775944e-14,1334.803017660878,1.9206858326015208e-14,11.0,0.0,385.0,-605.0
JU_BOYS,2026-07-22,177.51985987689505,169.22892603301517,185.81079372077494,5.040529873315274,180,189,10.51,0.0,regional_special,233,186,8.39624542800145,0.10531158412156588,299.66072710673683,0.95,0.04999999999999982,0.95,True,6.0,0.0,210.0,55.480140123104945,9.909249807439757e-27,1941.804904308673,0.0,53.0,0.0,1855.0,1645.0
JU_BOYS,2026-07-23,174.01028406027936,165.71935021639948,182.30121790415924,5.040529873315274,215,235,28.71,0.0,regular,221,183,8.39624542800145,0.10531158412156588,299.66072710673683,0.95,0.04999999999999982,0.95,True,0.0,32.0,1760.0,46.98971593972064,2.70293992598516e-19,1644.6400578902224,0.0,6.0,0.0,210.0,-1550.0
JU_BOYS,2026-07-24,171.90238943340563,163.61145558952575,180.19332327728551,5.040529873315274,180,189,21.75,0.0,regular,214,181,8.39624542800145,0.10531158412156588,299.66072710673683,0.95,0.04999999999999982,0.95,True,1.0,0.0,35.0,42.09761056659437,1.4345912076257818e-15,1473.416369830803,0.0,34.0,0.0,1190.0,1155.0
JU_BOYS,2026-07-25,168.25483982293662,159.96390597905673,176.5457736668165,5.040529873315274,190,186,0.0,4.0,light_weekend,175,177,8.39624542800145,0.10531158412156588,299.66072710673683,0.95,0.04999999999999982,0.95,True,0.0,13.0,715.0,6.95663327868832,0.21147310162493627,255.11318534346267,0.09041811054909421,0.0,15.0,825.0,110.0
JU_BOYS,2026-07-26,150.02227333932905,141.73133949544916,158.31320718320893,5.040529873315274,138,138,3.84,0.0,light_weekend,172,159,8.39624542800145,0.10531158412156588,299.66072710673683,0.95,0.04999999999999982,0.95,True,21.0,0.0,735.0,21.97773353415999,6.873489035604967e-06,769.2210517374966,6.4971321434015294e-06,34.0,0.0,1190.0,455.0
JU_BOYS,2026-07-27,176.60461104641172,168.31367720253184,184.8955448902916,5.040529873315274,222,236,8.86,0.0,regular,208,185,8.39624542800145,0.10531158412156588,299.66072710673683,0.95,0.04999999999999982,0.95,True,0.0,37.0,2035.0,31.395388953769974,1.8169349267901183e-10,1098.838613391942,2.353273131916467e-10,0.0,14.0,770.0,-1265.0
JU_BOYS,2026-07-28,173.73625189369423,165.44531804981435,182.02718573757411,5.040529873315274,168,180,26.38,0.0,regular,201,183,8.39624542800145,0.10531158412156588,299.66072710673683,0.95,0.04999999999999982,0.95,True,15.0,0.0,525.0,27.263748134110774,2.780500403954227e-08,954.2311862231522,3.170559592646782e-08,33.0,0.0,1155.0,630.0
JU_BOYS,2026-07-29,178.2467071090997,169.95577326521982,186.5376409529796,5.040529873315274,201,211,0.38,0.0,regional_special,180,187,8.39624542800145,0.10531158412156588,299.66072710673683,0.95,0.04999999999999982,0.95,True,0.0,14.0,770.0,3.0079652491851547,1.2546723582848573,174.28576342714757,0.3639805478078082,0.0,21.0,1155.0,385.0
JU_BOYS,2026-07-30,176.51338557377647,168.2224517298966,184.80431941765636,5.040529873315274,197,197,7.53,0.0,comfort_food,215,185,8.39624542800145,0.10531158412156588,299.66072710673683,0.95,0.04999999999999982,0.95,True,0.0,12.0,660.0,38.48661442622353,8.737658985778587e-15,1347.0315049178241,1.1213252548714081e-14,18.0,0.0,630.0,-30.0
JU_BOYS,2026-07-31,179.17457225665152,170.88363841277163,187.4655061005314,5.040529873315274,206,224,5.3,0.0,regular,180,188,8.39624542800145,0.10531158412156588,299.66072710673683,0.95,0.04999999999999982,0.95,True,0.0,18.0,990.0,2.450496875276804,1.62506913192832,175.14619289074574,0.43496077724934135,0.0,26.0,1430.0,440.0
JU_BOYS,2026-08-01,182.08909971360507,173.79816586972518,190.38003355748495,5.040529873315274,179,212,44.86,0.0,festive,190,191,8.39624542800145,0.10531158412156588,299.66072710673683,0.95,0.04999999999999982,0.95,True,12.0,0.0,420.0,8.036753380729909,0.12585309433497388,288.20828851397033,0.05827062113642956,11.0,0.0,385.0,-35.0
JU_BOYS,2026-08-02,152.18896393800398,143.8980300941241,160.47989778188386,5.040529873315274,163,183,35.46,0.0,light_weekend,138,161,8.39624542800145,0.10531158412156588,299.66072710673683,0.95,0.04999999999999982,0.95,True,0.0,2.0,110.0,0.0036478294850770046,14.192611767489057,780.7213212438758,0.9975609461002822,0.0,25.0,1375.0,1265.0
JU_BOYS,2026-08-03,182.43051359728946,174.13957975340958,190.72144744116935,5.040529873315274,205,206,0.0,0.0,protein_rich,222,191,8.39624542800145,0.10531158412156588,299.66072710673683,0.95,0.04999999999999982,0.95,True,0.0,14.0,770.0,39.56948640271054,-3.676165180589187e-17,1384.932024094869,2.1094237467877974e-15,17.0,0.0,595.0,-175.0
JU_BOYS,2026-08-04,180.29869680047887,172.00776295659898,188.58963064435875,5.040529873315274,184,181,0.0,3.0,regular,168,189,8.39624542800145,0.10531158412156588,299.66072710673683,0.95,0.04999999999999982,0.95,True,5.0,0.0,175.0,0.012148593917006456,12.310845394395871,677.5216974788682,0.9926555781784303,0.0,16.0,880.0,705.0
JU_BOYS,2026-08-05,183.22581546097155,174.93488161709166,191.51674930485143,5.040529873315274,199,202,6.3,0.0,regional_special,201,192,8.39624542800145,0.10531158412156588,299.66072710673683,0.95,0.04999999999999982,0.95,True,0.0,7.0,385.0,17.774450000464523,0.0002654614360700059,622.1203503952421,0.00021074190819558858,2.0,0.0,70.0,-315.0
JU_BOYS,2026-08-06,182.07801212521304,173.78707828133315,190.36894596909292,5.040529873315274,175,199,4.17,0.0,comfort_food,197,191,8.39624542800145,0.10531158412156588,299.66072710673683,0.95,0.04999999999999982,0.95,True,16.0,0.0,560.0,14.924201804148042,0.0022139293610768593,522.4688292600407,0.0015361960305277922,22.0,0.0,770.0,210.0
JU_BOYS,2026-08-07,181.12679235311788,172.835858509238,189.41772619699776,5.040529873315274,202,198,0.0,4.0,comfort_food,206,190,8.39624542800145,0.10531158412156588,299.66072710673683,0.95,0.04999999999999982,0.95,True,0.0,12.0,660.0,24.873208028686953,3.818048344313209e-07,870.5623020033092,4.0149066815597934e-07,4.0,0.0,140.0,-520.0
JU_BOYS,2026-08-08,186.3379284869597,178.0469946430798,194.62886233083958,5.040529873315274,219,240,34.7,0.0,festive,179,195,8.39624542800145,0.10531158412156588,299.66072710673683,0.95,0.04999999999999982,0.95,True,0.0,24.0,1320.0,0.1632632145242796,7.501191701483976,418.27975608996843,0.9272739875277649,0.0,40.0,2200.0,880.0
JU_BOYS,2026-08-09,152.2441408500772,143.95320700619732,160.53507469395709,5.040529873315274,137,143,8.21,0.0,light_weekend,163,161,8.39624542800145,0.10531158412156588,299.66072710673683,0.95,0.04999999999999982,0.95,True,24.0,0.0,840.0,10.78553681323704,0.029677663314242958,379.1260599455798,0.01642651967132147,26.0,0.0,910.0,70.0
JU_BOYS,2026-08-10,183.00997564181938,174.7190417979395,191.30090948569926,5.040529873315274,176,181,7.61,0.0,protein_rich,205,192,8.39624542800145,0.10531158412156588,299.66072710673683,0.95,0.04999999999999982,0.95,True,16.0,0.0,560.0,21.990031152213753,6.794033132897999e-06,769.6514639993037,6.42507363135536e-06,29.0,0.0,1015.0,455.0
JU_BOYS,2026-08-11,180.0783685196152,171.7874346757353,188.36930236349508,5.040529873315274,212,241,43.59,0.0,regular,184,189,8.39624542800145,0.10531158412156588,299.66072710673683,0.95,0.04999999999999982,0.95,True,0.0,23.0,1265.0,4.551366404005805,0.6297349236210009,193.9332449393582,0.2182787032815321,0.0,28.0,1540.0,275.0
JU_BOYS,2026-08-12,181.51054649888897,173.2196126550091,189.80148034276885,5.040529873315274,218,234,5.55,0.0,regional_special,199,190,8.39624542800145,0.10531158412156588,299.66072710673683,0.95,0.04999999999999982,0.95,True,0.0,28.0,1540.0,17.48978581212271,0.0003323110116845423,612.1607805299375,0.0002604570799275008,0.0,19.0,1045.0,-495.0
JU_BOYS,2026-08-13,182.02928973895533,173.73835589507544,190.3202235828352,5.040529873315274,184,197,10.37,0.0,comfort_food,175,191,8.39624542800145,0.10531158412156588,299.66072710673683,0.95,0.04999999999999982,0.95,True,7.0,0.0,245.0,0.1870550287478001,7.216344767703128,403.445888229845,0.9184247719518589,0.0,9.0,495.0,250.0
JU_BOYS,2026-08-14,178.34513586388357,170.0542020200037,186.63606970776345,5.040529873315274,159,167,6.42,0.0,regular,202,187,8.39624542800145,0.10531158412156588,299.66072710673683,0.95,0.04999999999999982,0.95,True,28.0,0.0,980.0,23.654865473797873,1.337681439979847e-06,827.9203651554047,1.3465848920368728e-06,43.0,0.0,1505.0,525.0
JU_BOYS,2026-08-15,157.02178036849594,148.73084652461606,165.31271421237582,5.040529873315274,163,175,6.17,0.0,festive,219,166,8.39624542800145,0.10531158412156588,299.66072710673683,0.95,0.04999999999999982,0.95,True,3.0,0.0,105.0,61.97821963150406,2.9695301837614913e-33,2169.237687102642,0.0,56.0,0.0,1960.0,1855.0
JU_BOYS,2026-08-16,157.85904184094704,149.56810799706716,166.14997568482693,5.040529873315274,177,191,14.98,0.0,festive,137,167,8.39624542800145,0.10531158412156588,299.66072710673683,0.95,0.04999999999999982,0.95,True,0.0,10.0,550.0,1.9343013687225894e-05,20.85906118396073,1147.2490421233192,0.9999825027989182,0.0,40.0,2200.0,1650.0
JU_BOYS,2026-08-17,177.61354440532392,169.32261056144404,185.9044782492038,5.040529873315274,188,199,6.22,0.0,regular,176,186,8.39624542800145,0.10531158412156588,299.66072710673683,0.95,0.04999999999999982,0.95,True,0.0,2.0,110.0,1.3062678726306303,2.9198122779545512,206.30905082957236,0.6255590603680853,0.0,12.0,660.0,550.0
JU_BOYS,2026-08-18,179.4675701036304,171.17663625975052,187.7585039475103,5.040529873315274,162,164,7.47,0.0,regular,212,188,8.39624542800145,0.10531158412156588,299.66072710673683,0.95,0.04999999999999982,0.95,True,26.0,0.0,910.0,32.53242989641026,4.0660832481405475e-11,1138.6350463765955,5.4407256477873034e-11,50.0,0.0,1750.0,840.0
JU_BOYS,2026-08-19,183.51015900497555,175.21922516109566,191.80109284885543,5.040529873315274,190,187,6.73,3.0,regional_special,218,192,8.39624542800145,0.10531158412156588,299.66072710673683,0.95,0.04999999999999982,0.95,True,2.0,0.0,70.0,34.48984099502721,2.7536356301320267e-12,1207.1444348261036,3.891109656706249e-12,28.0,0.0,980.0,910.0
JU_BOYS,2026-08-20,177.0097400437356,168.71880619985572,185.3006738876155,5.040529873315274,186,190,0.0,0.0,regular,184,186,8.39624542800145,0.10531158412156588,299.66072710673683,0.95,0.04999999999999982,0.95,True,0.0,0.0,0.0,7.180521728379687,0.19026177211529172,261.7826579596301,0.0827497711265961,0.0,2.0,110.0,110.0
JU_BOYS,2026-08-21,174.25748370942028,165.9665498655404,182.54841755330017,5.040529873315274,208,229,30.6,0.0,regular,159,183,8.39624542800145,0.10531158412156588,299.66072710673683,0.95,0.04999999999999982,0.95,True,0.0,25.0,1375.0,0.001750720670702123,15.259234430090988,839.3191688784789,0.9987648679150698,0.0,49.0,2695.0,1320.0
JU_BOYS,2026-08-22,171.23228895080683,162.94135510692695,179.52322279468672,5.040529873315274,191,193,0.0,0.0,light_weekend,163,180,8.39624542800145,0.10531158412156588,299.66072710673683,0.95,0.04999999999999982,0.95,True,0.0,11.0,605.0,0.10827923934280625,8.34056819014964,462.5210238352284,0.9487885229949165,0.0,28.0,1540.0,935.0
JU_BOYS,2026-08-23,152.34246574907883,144.05153190519894,160.6333995929587,5.040529873315274,143,147,8.03,0.0,light_weekend,177,161,8.39624542800145,0.10531158412156588,299.66072710673683,0.95,0.04999999999999982,0.95,True,18.0,0.0,630.0,24.657534729511024,4.785898518505614e-07,863.0137418553277,4.994536612068501e-07,34.0,0.0,1190.0,560.0
JU_BOYS,2026-08-24,181.47438151389645,173.18344767001656,189.76531535777633,5.040529873315274,193,193,0.0,0.0,protein_rich,188,190,8.39624542800145,0.10531158412156588,299.66072710673683,0.95,0.04999999999999982,0.95,True,0.0,3.0,165.0,6.7577364479834445,0.2321179618798912,249.28726358281457,0.09772404166320892,0.0,5.0,275.0,110.0
JU_GIRLS,2026-06-29,38.36787741178048,30.07694356790061,46.65881125566035,5.040529873315274,40,44,7.75,0.0,protein_rich,44,47,8.396245428001436,0.10531158412156694,299.66072710673643,0.95,0.050000000000000044,0.95,True,7.0,0.0,245.0,5.96628965676012,0.33416706854060363,227.19932675633737,0.13191868363420278,4.0,0.0,140.0,-105.0
JU_GIRLS,2026-06-30,39.18647488480197,30.895541040922094,47.47740872868184,5.040529873315274,28,29,1.71,0.0,regular,37,48,8.396245428001436,0.10531158412156694,299.66072710673643,0.95,0.050000000000000044,0.95,True,20.0,0.0,700.0,1.1039190936115122,3.290393978413479,219.60883708914426,0.6677754527889364,9.0,0.0,315.0,-385.0
JU_GIRLS,2026-07-01,39.64512092134776,31.354187077467888,47.93605476522764,5.040529873315274,45,48,2.24,0.0,regional_special,45,48,8.396245428001443,0.10531158412156627,299.66072710673666,0.95,0.04999999999999993,0.95,True,3.0,0.0,105.0,5.727282575480361,0.37240349682812135,220.9370824673593,0.14403516309488218,0.0,0.0,0.0,-105.0
JU_GIRLS,2026-07-02,38.15752349714032,29.866589653260444,46.44845734102019,5.040529873315274,37,41,3.07,0.0,comfort_food,25,47,8.396245428001436,0.10531158412156694,299.66072710673643,0.95,0.050000000000000044,0.95,True,10.0,0.0,350.0,0.007139302347781984,13.164662799488099,724.3063295540179,0.9954774564917668,0.0,12.0,660.0,310.0
JU_GIRLS,2026-07-03,37.56606247338838,29.275128629508504,45.856996317268255,5.040529873315274,26,28,3.39,0.0,regular,31,46,8.396245428001443,0.10531158412156627,299.66072710673666,0.95,0.04999999999999993,0.95,True,20.0,0.0,700.0,0.22819351518134678,6.7942559885697245,381.670852402682,0.9036534103388489,5.0,0.0,175.0,-525.0
JU_GIRLS,2026-07-04,38.99441829814761,30.703484454267734,47.28535214202748,5.040529873315274,47,52,4.76,0.0,festive,41,48,8.396245428001436,0.10531158412156694,299.66072710673643,0.95,0.050000000000000044,0.95,True,1.0,0.0,35.0,3.1707826248484534,1.165200922996061,175.0634426344792,0.345355250415456,0.0,6.0,330.0,295.0
JU_GIRLS,2026-07-05,33.97273711160273,25.68180326772286,42.26367095548261,5.040529873315274,19,21,2.31,0.0,light_weekend,29,43,8.396245428001443,0.10531158412156627,299.66072710673666,0.95,0.04999999999999993,0.95,True,24.0,0.0,840.0,0.4308206029053393,5.403557714508072,312.27439539963086,0.8380684689937317,10.0,0.0,350.0,-490.0
JU_GIRLS,2026-07-06,45.60172780242499,37.31079395854512,53.89266164630486,5.040529873315274,37,39,2.0,0.0,protein_rich,40,54,8.396245428001436,0.10531158412156694,299.66072710673643,0.95,0.050000000000000044,0.95,True,17.0,0.0,595.0,0.33819633623179657,5.939924138656786,338.5326993942361,0.8667883599865962,3.0,0.0,105.0,-490.0
JU_GIRLS,2026-07-07,45.10657066571224,36.81563682183237,53.39750450959211,5.040529873315274,52,54,1.48,0.0,regular,28,54,8.396245428001436,0.10531158412156694,299.66072710673643,0.95,0.050000000000000044,0.95,True,2.0,0.0,70.0,0.0004474532982106814,17.10701811901045,940.9016574110121,0.9996553550219017,0.0,24.0,1320.0,1250.0
JU_GIRLS,2026-07-08,45.227891511508425,36.93695766762855,53.5188253553883,5.040529873315274,46,49,3.82,0.0,regional_special,45,54,8.396245428001443,0.10531158412156627,299.66072710673666,0.95,0.04999999999999993,0.95,True,8.0,0.0,280.0,1.8989896051067678,2.1268811166151926,183.44309759257246,0.5180307621464255,0.0,1.0,55.0,-225.0
JU_GIRLS,2026-07-09,48.921403182619486,40.630469338739616,57.212337026499355,5.040529873315274,44,51,3.75,0.0,comfort_food,37,58,8.396245428001436,0.10531158412156694,299.66072710673643,0.95,0.050000000000000044,0.95,True,14.0,0.0,490.0,0.015224828172067231,11.936628010791553,657.0474095795578,0.9909876204398735,0.0,7.0,385.0,-105.0
JU_GIRLS,2026-07-10,45.22874539596411,36.93781155208424,53.51967923984398,5.040529873315274,52,55,2.76,0.0,regular,26,54,8.396245428001436,0.10531158412156694,299.66072710673643,0.95,0.050000000000000044,0.95,True,2.0,0.0,70.0,8.056382342932935e-05,19.22882595978754,1057.5882475221347,0.9999318605922122,0.0,26.0,1430.0,1360.0
JU_GIRLS,2026-07-11,44.10156489607556,35.81063105219569,52.39249873995543,5.040529873315274,40,43,3.05,0.0,light_weekend,47,53,8.396245428001436,0.10531158412156694,299.66072710673643,0.95,0.050000000000000044,0.95,True,13.0,0.0,455.0,3.783685202070832,0.8852500981463902,181.11773747053056,0.28263689859762686,7.0,0.0,245.0,-210.0
JU_GIRLS,2026-07-12,36.79112934179659,28.500195497916717,45.08206318567646,5.040529873315274,42,45,5.92,0.0,light_weekend,19,46,8.396245428001436,0.10531158412156694,299.66072710673643,0.95,0.050000000000000044,0.95,True,4.0,0.0,140.0,0.00026191303231828944,17.79139125482891,978.5356859717211,0.9997919175243761,0.0,23.0,1265.0,1125.0
JU_GIRLS,2026-07-13,47.02337712738478,38.73244328350491,55.314310971264646,5.040529873315274,62,63,2.93,0.0,regular,37,56,8.396245428001436,0.10531158412156694,299.66072710673643,0.95,0.050000000000000044,0.95,True,0.0,6.0,330.0,0.04412788380324156,10.067505011188018,555.2572515484544,0.9766248971612007,0.0,25.0,1375.0,1045.0
JU_GIRLS,2026-07-14,46.183178129973356,37.89224428609349,54.474111973853226,5.040529873315274,52,61,9.95,0.0,regular,52,55,8.396245428001436,0.10531158412156694,299.66072710673643,0.95,0.050000000000000044,0.95,True,3.0,0.0,105.0,6.127336946931616,0.3105150769049726,231.53512237238007,0.12424803494932202,0.0,0.0,0.0,-105.0
JU_GIRLS,2026-07-15,46.69820192619032,38.40726808231045,54.98913577007019,5.040529873315274,39,45,7.73,0.0,comfort_food,46,55,8.396245428001436,0.10531158412156694,299.66072710673643,0.95,0.050000000000000044,0.95,True,16.0,0.0,560.0,1.68104023084437,2.3792421570346916,189.69472671646096,0.5550843058602111,7.0,0.0,245.0,-315.0
JU_GIRLS,2026-07-16,47.139346292291975,38.848412448412105,55.430280136171845,5.040529873315274,58,61,3.26,0.0,comfort_food,44,56,8.396245428001436,0.10531158412156694,299.66072710673643,0.95,0.050000000000000044,0.95,True,0.0,2.0,110.0,0.8190884105922984,3.958434702884274,246.3820030293655,0.7332988196753674,0.0,14.0,770.0,660.0
JU_GIRLS,2026-07-17,47.40201844341661,39.11108459953674,55.69295228729648,5.040529873315274,52,58,4.98,0.0,regular,52,56,8.396245428001436,0.10531158412156694,299.66072710673643,0.95,0.050000000000000044,0.95,True,4.0,0.0,140.0,5.092986626204237,0.49500506962084556,205.4798107462948,0.18083118912275742,0.0,0.0,0.0,-140.0
JU_GIRLS,2026-07-18,45.07177608090593,36.78084223702605,53.362709924785804,5.040529873315274,43,48,7.08,0.0,light_weekend,40,54,8.396245428001443,0.10531158412156627,299.66072710673666,0.95,0.04999999999999993,0.95,True,11.0,0.0,385.0,0.4150201292451742,5.486796210151101,316.2994960818917,0.8428400716726874,0.0,3.0,165.0,-220.0
JU_GIRLS,2026-07-19,37.17312346132212,28.882189617442247,45.46405730520199,5.040529873315274,38,37,0.0,1.0,light_weekend,42,46,8.396245428001436,0.10531158412156694,299.66072710673643,0.95,0.050000000000000044,0.95,True,8.0,0.0,280.0,5.281839019414438,0.4549624807365581,209.88730212001602,0.16912899045316798,4.0,0.0,140.0,-140.0
JU_GIRLS,2026-07-20,44.06785059556502,35.77691675168515,52.35878443944489,5.040529873315274,49,51,1.65,0.0,regular,62,53,8.396245428001436,0.10531158412156694,299.66072710673643,0.95,0.050000000000000044,0.95,True,4.0,0.0,140.0,17.932383475076474,0.00023407064149291506,627.6462955129588,0.00018713492663935405,13.0,0.0,455.0,315.0
JU_GIRLS,2026-07-21,44.126013344974865,35.835079501094995,52.416947188854735,5.040529873315274,46,47,0.04,0.0,comfort_food,52,53,8.396245428001436,0.10531158412156694,299.66072710673643,0.95,0.050000000000000044,0.95,True,7.0,0.0,245.0,8.002006526208197,0.12801987118306063,287.11132133235526,0.05912812913909482,6.0,0.0,210.0,-35.0
JU_GIRLS,2026-07-22,47.39904000393211,39.10810616005223,55.689973847811984,5.040529873315274,43,44,0.0,0.0,regional_special,39,56,8.396245428001443,0.10531158412156627,299.66072710673666,0.95,0.04999999999999993,0.95,True,13.0,0.0,455.0,0.10002444278371592,8.499064446715822,470.94940006680025,0.9521732618685533,0.0,4.0,220.0,-235.0
JU_GIRLS,2026-07-23,46.43249886413826,38.14156502025838,54.72343270801814,5.040529873315274,60,64,7.12,0.0,comfort_food,58,55,8.396245428001443,0.10531158412156627,299.66072710673666,0.95,0.04999999999999993,0.95,True,0.0,5.0,275.0,11.586235126718279,0.01873399085653929,406.54859893224943,0.010869489719503855,0.0,2.0,110.0,-165.0
JU_GIRLS,2026-07-24,43.77441026242454,35.48347641854467,52.06534410630441,5.040529873315274,51,54,2.75,0.0,regular,52,53,8.396245428001436,0.10531158412156694,299.66072710673643,0.95,0.050000000000000044,0.95,True,2.0,0.0,70.0,8.334212521846442,0.10862278427098193,297.6716913995295,0.05135134215951376,1.0,0.0,35.0,-35.0
JU_GIRLS,2026-07-25,47.84993315791107,39.5589993140312,56.14086700179094,5.040529873315274,48,53,2.42,0.0,festive,43,57,8.396245428001436,0.10531158412156694,299.66072710673643,0.95,0.050000000000000044,0.95,True,9.0,0.0,315.0,0.451076219026899,5.301009376937966,307.3431833975296,0.8320222028247324,0.0,5.0,275.0,-40.0
JU_GIRLS,2026-07-26,37.79394353293705,29.503009689057176,46.08487737681692,5.040529873315274,35,38,2.27,0.0,festive,38,47,8.396245428001436,0.10531158412156694,299.66072710673643,0.95,0.050000000000000044,0.95,True,12.0,0.0,420.0,2.1155887412261865,1.9095322741632363,179.0698810218945,0.4836958120728865,3.0,0.0,105.0,-315.0
JU_GIRLS,2026-07-27,46.541534769264686,38.250600925384816,54.832468613144556,5.040529873315274,41,42,0.0,0.0,protein_rich,49,55,8.396245428001436,0.10531158412156694,299.66072710673643,0.95,0.050000000000000044,0.95,True,14.0,0.0,490.0,3.474665867353056,1.016200636617742,177.50434037133277,0.31286720504326415,8.0,0.0,280.0,-210.0
JU_GIRLS,2026-07-28,43.20122309579365,34.91028925191378,51.49215693967352,5.040529873315274,40,40,1.13,0.0,regular,46,52,8.396245428001436,0.10531158412156694,299.66072710673643,0.95,0.050000000000000044,0.95,True,12.0,0.0,420.0,3.7125284838564765,0.9137515796501273,180.1948338157337,0.2893602972794388,6.0,0.0,210.0,-210.0
JU_GIRLS,2026-07-29,46.474360767281425,38.183426923401555,54.765294611161295,5.040529873315274,59,67,6.85,0.0,regional_special,43,55,8.396245428001436,0.10531158412156694,299.66072710673643,0.95,0.050000000000000044,0.95,True,0.0,4.0,220.0,0.7333468393091871,4.207707606590612,257.0910577383052,0.7546779781676296,0.0,16.0,880.0,660.0
JU_GIRLS,2026-07-30,44.79861057723125,36.507676733351374,53.08954442111113,5.040529873315274,46,47,0.0,0.0,comfort_food,60,54,8.396245428001443,0.10531158412156627,299.66072710673666,0.95,0.04999999999999993,0.95,True,8.0,0.0,280.0,15.203210717078989,0.0018212943102395539,532.2125462848278,0.0012813776094106055,14.0,0.0,490.0,210.0
JU_GIRLS,2026-07-31,47.4117219742197,39.12078813033983,55.70265581809957,5.040529873315274,43,47,2.11,0.0,regular,51,56,8.396245428001436,0.10531158412156694,299.66072710673643,0.95,0.050000000000000044,0.95,True,13.0,0.0,455.0,4.294081302287763,0.7058032765074648,189.11202578798228,0.2382679701213416,8.0,0.0,280.0,-175.0
JU_GIRLS,2026-08-01,49.83919840699569,41.54826456311582,58.13013225087556,5.040529873315274,44,47,0.06,0.0,festive,48,59,8.396245428001436,0.10531158412156694,299.66072710673643,0.95,0.050000000000000044,0.95,True,15.0,0.0,525.0,1.2236787712715653,3.0628771782672572,211.28700179920395,0.6424002385105398,4.0,0.0,140.0,-385.0
JU_GIRLS,2026-08-02,36.9735130557072,28.682579211827328,45.26444689958707,5.040529873315274,33,36,3.59,0.0,light_weekend,35,46,8.396245428001436,0.10531158412156694,299.66072710673643,0.95,0.050000000000000044,0.95,True,13.0,0.0,455.0,1.1763136298604469,3.149826685567648,214.4114447513363,0.6522968300041454,2.0,0.0,70.0,-385.0
JU_GIRLS,2026-08-03,47.14578529221149,38.854851448331615,55.43671913609137,5.040529873315274,40,41,0.0,0.0,protein_rich,41,56,8.396245428001443,0.10531158412156627,299.66072710673666,0.95,0.04999999999999993,0.95,True,16.0,0.0,560.0,0.27178752465572664,6.41757281686722,362.47906829064755,0.8886298282147786,1.0,0.0,35.0,-525.0
JU_GIRLS,2026-08-04,46.95606201862437,38.665128174744495,55.24699586250425,5.040529873315274,44,49,4.01,0.0,comfort_food,40,56,8.396245428001443,0.10531158412156627,299.66072710673666,0.95,0.04999999999999993,0.95,True,12.0,0.0,420.0,0.19310939116857184,7.149171409792944,399.96325622951196,0.9162106722179777,0.0,4.0,220.0,-200.0
JU_GIRLS,2026-08-05,46.07502162383651,37.784087779956636,54.36595546771639,5.040529873315274,47,47,2.48,0.0,regional_special,59,55,8.396245428001443,0.10531158412156627,299.66072710673666,0.95,0.04999999999999993,0.95,True,8.0,0.0,280.0,12.93324322017234,0.008264844008852953,453.1180791265188,0.005170544042897851,12.0,0.0,420.0,140.0
JU_GIRLS,2026-08-06,44.88150877869843,36.59057493481856,53.1724426225783,5.040529873315274,38,42,2.71,0.0,comfort_food,46,54,8.396245428001436,0.10531158412156694,299.66072710673643,0.95,0.050000000000000044,0.95,True,16.0,0.0,560.0,2.6194312228714143,1.5009400015698464,174.23179288684105,0.4121960473235481,8.0,0.0,280.0,-280.0
JU_GIRLS,2026-08-07,46.89963670628488,38.60870286240501,55.19057055016475,5.040529873315274,47,49,0.0,0.0,regular,43,56,8.396245428001436,0.10531158412156694,299.66072710673643,0.95,0.050000000000000044,0.95,True,9.0,0.0,315.0,0.6345500753084121,4.534186781593292,271.5895256234255,0.7804329077137806,0.0,4.0,220.0,-95.0
JU_GIRLS,2026-08-08,50.47892925012733,42.18799540624745,58.769863094007206,5.040529873315274,62,65,4.2,0.0,festive,44,59,8.396245428001443,0.10531158412156627,299.66072710673666,0.95,0.04999999999999993,0.95,True,0.0,3.0,165.0,0.23671808714412024,6.71564733727145,377.64573659997393,0.9006679139883904,0.0,18.0,990.0,825.0
JU_GIRLS,2026-08-09,38.02208761083178,29.73115376695191,46.31302145471166,5.040529873315274,35,38,2.88,0.0,light_weekend,33,47,8.396245428001443,0.10531158412156627,299.66072710673666,0.95,0.04999999999999993,0.95,True,12.0,0.0,420.0,0.42288825386266804,5.444975864694451,314.2747614433882,0.8404578053358445,0.0,2.0,110.0,-310.0
JU_GIRLS,2026-08-10,44.627695649252,36.33676180537212,52.918629493131874,5.040529873315274,61,64,2.61,0.0,protein_rich,40,53,8.396245428001443,0.10531158412156627,299.66072710673666,0.95,0.04999999999999993,0.95,True,0.0,8.0,440.0,0.4896548418312747,5.117350491083272,298.5921964736746,0.8207159726120412,0.0,21.0,1155.0,715.0
JU_GIRLS,2026-08-11,44.241344676182536,35.950410832302666,52.532278520062405,5.040529873315274,56,59,3.73,0.0,regular,44,53,8.396245428001436,0.10531158412156694,299.66072710673643,0.95,0.050000000000000044,0.95,True,0.0,3.0,165.0,1.8925127482782198,2.1338574244607553,183.60010453507925,0.5190943851953852,0.0,12.0,660.0,495.0
JU_GIRLS,2026-08-12,47.77730209648346,39.48636825260358,56.06823594036334,5.040529873315274,38,39,1.36,0.0,comfort_food,47,57,8.396245428001443,0.10531158412156627,299.66072710673666,0.95,0.04999999999999993,0.95,True,19.0,0.0,665.0,1.646092381598333,2.423394478081793,190.89992965044024,0.5612780764034755,9.0,0.0,315.0,-350.0
JU_GIRLS,2026-08-13,44.2746464555013,35.98371261162143,52.56558029938117,5.040529873315274,42,41,0.0,1.0,comfort_food,38,53,8.396245428001436,0.10531158412156694,299.66072710673643,0.95,0.050000000000000044,0.95,True,11.0,0.0,385.0,0.25774548253023966,6.532391938031537,368.30264848029293,0.8934044690002156,0.0,4.0,220.0,-165.0
JU_GIRLS,2026-08-14,44.32024900689654,36.02931516301666,52.611182850776416,5.040529873315274,41,42,0.84,0.0,regular,47,53,8.396245428001443,0.10531158412156627,299.66072710673666,0.95,0.04999999999999993,0.95,True,12.0,0.0,420.0,3.6284265806490006,0.9486755875455394,179.1720876377197,0.29748742395142935,6.0,0.0,210.0,-210.0
JU_GIRLS,2026-08-15,35.02976878679384,26.738834942913964,43.32070263067371,5.040529873315274,48,52,8.24,0.0,festive,62,44,8.396245428001436,0.10531158412156694,299.66072710673643,0.95,0.050000000000000044,0.95,True,0.0,4.0,220.0,26.97023125200164,3.8795478232562065e-08,943.9580959538087,4.381367080252829e-08,14.0,0.0,490.0,270.0
JU_GIRLS,2026-08-16,38.16536988646155,29.874436042581674,46.45630373034142,5.040529873315274,46,45,0.0,1.0,light_weekend,35,47,8.396245428001436,0.10531158412156694,299.66072710673643,0.95,0.050000000000000044,0.95,True,1.0,0.0,35.0,0.812169938878315,3.977539825339863,247.19063825443348,0.7349926446439755,0.0,11.0,605.0,570.0
JU_GIRLS,2026-08-17,44.67250281684358,36.381568972963706,52.96343666072346,5.040529873315274,47,47,0.0,0.0,regular,61,53,8.396245428001443,0.10531158412156627,299.66072710673666,0.95,0.04999999999999993,0.95,True,6.0,0.0,210.0,16.328303884513364,0.0008067013569488871,571.5350045325999,0.0005992387311299918,14.0,0.0,490.0,280.0
JU_GIRLS,2026-08-18,46.69179073083349,38.40085688695362,54.98272457471336,5.040529873315274,39,44,3.69,0.0,regular,56,55,8.396245428001436,0.10531158412156694,299.66072710673643,0.95,0.050000000000000044,0.95,True,16.0,0.0,560.0,9.372134446629802,0.0639251774632919,331.54059039252417,0.032397290153767244,17.0,0.0,595.0,35.0
JU_GIRLS,2026-08-19,46.6822756323452,38.391341788465326,54.97320947622508,5.040529873315274,58,64,5.05,0.0,regional_special,38,55,8.396245428001443,0.10531158412156627,299.66072710673666,0.95,0.04999999999999993,0.95,True,0.0,3.0,165.0,0.08724595112087918,8.769521583466082,485.3772953798653,0.9575098429705174,0.0,20.0,1100.0,935.0
JU_GIRLS,2026-08-20,44.95956744751666,36.66863360363679,53.25050129139653,5.040529873315274,51,57,10.68,0.0,comfort_food,42,54,8.396245428001436,0.10531158412156694,299.66072710673643,0.95,0.050000000000000044,0.95,True,3.0,0.0,105.0,0.868096905736875,3.8276643532535366,240.90493112973513,0.721449869701158,0.0,9.0,495.0,390.0
JU_GIRLS,2026-08-21,46.58735617357033,38.29642232969046,54.8782900174502,5.040529873315274,55,57,6.38,0.0,regular,41,55,8.396245428001436,0.10531158412156694,299.66072710673643,0.95,0.050000000000000044,0.95,True,0.0,0.0,0.0,0.34011521695692193,5.92747139052725,337.91495907249106,0.8661739822724741,0.0,14.0,770.0,770.0
JU_GIRLS,2026-08-22,50.14364876771835,41.85271492383848,58.434582611598216,5.040529873315274,52,58,4.07,0.0,festive,48,59,8.396245428001436,0.10531158412156694,299.66072710673643,0.95,0.050000000000000044,0.95,True,7.0,0.0,245.0,1.1182131253655883,3.2618618930839345,218.53986350741198,0.6646845980604128,0.0,4.0,220.0,-25.0
JU_GIRLS,2026-08-23,37.375815233865985,29.084881389986112,45.66674907774586,5.040529873315274,32,35,1.89,0.0,light_weekend,46,46,8.396245428001443,0.10531158412156627,299.66072710673666,0.95,0.04999999999999993,0.95,True,14.0,0.0,490.0,8.713929501785183,0.08974473565116958,309.9234930232957,0.0435435202049832,14.0,0.0,490.0,0.0
JU_GIRLS,2026-08-24,46.78225710344589,38.491323259566016,55.07319094732577,5.040529873315274,49,57,5.26,0.0,protein_rich,47,56,8.396245428001443,0.10531158412156627,299.66072710673666,0.95,0.04999999999999993,0.95,True,7.0,0.0,245.0,2.1216278936770703,1.9038849971229634,178.97065112046045,0.48277168465312725,0.0,2.0,110.0,-135.0
JU_MAIN,2026-06-29,116.12593876806467,107.8350049241848,124.41687261194454,5.040529873315274,105,108,3.87,0.0,regular,143,125,8.396245428001436,0.10531158412156694,299.66072710673643,0.95,0.050000000000000044,0.95,True,20.0,0.0,700.0,26.874061275174252,4.323892303138058e-08,940.5921470092395,4.867707470435079e-08,38.0,0.0,1330.0,630.0
JU_MAIN,2026-06-30,113.35616025236831,105.06522640848844,121.64709409624818,5.040529873315274,104,112,6.19,0.0,regular,104,122,8.396245428001436,0.10531158412156694,299.66072710673643,0.95,0.050000000000000044,0.95,True,18.0,0.0,630.0,0.062388137016244405,9.418548389384556,520.2037462117191,0.9682864642165904,0.0,0.0,0.0,-630.0
JU_MAIN,2026-07-01,110.43744161681934,102.14650777293947,118.72837546069921,5.040529873315274,102,105,1.61,0.0,regional_special,95,119,8.396245428001436,0.10531158412156694,299.66072710673643,0.95,0.050000000000000044,0.95,True,17.0,0.0,595.0,0.001541113367508895,15.43898273018685,849.1979891281396,0.9989031132056762,0.0,7.0,385.0,-210.0
JU_MAIN,2026-07-02,116.71395181201285,108.42301796813298,125.00488565589272,5.040529873315274,98,104,1.01,0.0,regular,107,126,8.396245428001436,0.10531158412156694,299.66072710673643,0.95,0.050000000000000044,0.95,True,28.0,0.0,980.0,0.05190718153448465,9.765858993547337,538.9389959988105,0.9730207003908238,9.0,0.0,315.0,-665.0
JU_MAIN,2026-07-03,108.43211960182136,100.14118575794149,116.72305344570123,5.040529873315274,115,115,8.64,0.0,regular,138,117,8.396245428001436,0.10531158412156694,299.66072710673643,0.95,0.050000000000000044,0.95,True,2.0,0.0,70.0,29.567880399998373,1.8197249643625255e-09,1034.875814100028,2.2318161763124067e-09,23.0,0.0,805.0,735.0
JU_MAIN,2026-07-04,117.70532245358149,109.41438860970162,125.99625629746136,5.040529873315274,117,138,17.82,0.0,festive,139,126,8.396245428001436,0.10531158412156694,299.66072710673643,0.95,0.050000000000000044,0.95,True,9.0,0.0,315.0,21.29469054479418,1.2998375665111662e-05,745.3148839784578,1.1963480869847665e-05,22.0,0.0,770.0,455.0
JU_MAIN,2026-07-05,93.11264334506313,84.82170950118326,101.403577188943,5.040529873315274,106,111,10.08,0.0,festive,97,102,8.396245428001436,0.10531158412156694,299.66072710673643,0.95,0.050000000000000044,0.95,True,0.0,4.0,220.0,4.5246074523647515,0.6372507974278854,193.4100546913,0.22028831741128574,0.0,9.0,495.0,275.0
JU_MAIN,2026-07-06,139.90484040687596,131.61390656299608,148.19577425075585,5.040529873315274,148,154,0.0,0.0,protein_rich,105,149,8.39624542800145,0.10531158412156588,299.66072710673683,0.95,0.04999999999999982,0.95,True,1.0,0.0,35.0,1.5283188177081588e-12,34.90484040687749,1919.7662223783154,0.9999999999978176,0.0,43.0,2365.0,2330.0
JU_MAIN,2026-07-07,138.85259794764866,130.56166410376878,147.14353179152855,5.040529873315274,130,133,1.14,0.0,regular,104,148,8.39624542800145,0.10531158412156588,299.66072710673683,0.95,0.04999999999999982,0.95,True,18.0,0.0,630.0,1.6466086209119684e-12,34.85259794765031,1916.8928871208245,0.999999999997652,0.0,26.0,1430.0,800.0
JU_MAIN,2026-07-08,138.85577445737383,130.56484061349394,147.1467083012537,5.040529873315274,158,174,9.14,0.0,regional_special,102,148,8.39624542800145,0.10531158412156588,299.66072710673683,0.95,0.04999999999999982,0.95,True,0.0,10.0,550.0,8.767960504757692e-14,36.85577445737392,2027.0675951555684,0.9999999999998683,0.0,56.0,3080.0,2530.0
JU_MAIN,2026-07-09,143.4203457792049,135.129411935325,151.71127962308478,5.040529873315274,159,148,0.0,11.0,comfort_food,98,152,8.39624542800145,0.10531158412156588,299.66072710673683,0.95,0.04999999999999982,0.95,True,0.0,7.0,385.0,5.57678136123776e-20,45.420345779204894,2498.1190178562692,1.0,0.0,61.0,3355.0,2970.0
JU_MAIN,2026-07-10,141.80486527648668,133.5139314326068,150.09579912036656,5.040529873315274,120,139,23.62,0.0,regular,115,151,8.39624542800145,0.10531158412156588,299.66072710673683,0.95,0.04999999999999982,0.95,True,31.0,0.0,1085.0,4.6737681647362836e-08,26.804865323224362,1474.2675944131586,0.9999999475044912,0.0,5.0,275.0,-810.0
JU_MAIN,2026-07-11,130.88701061515874,122.59607677127887,139.17794445903863,5.040529873315274,149,165,9.01,0.0,light_weekend,117,140,8.39624542800145,0.10531158412156588,299.66072710673683,0.95,0.04999999999999982,0.95,True,0.0,9.0,495.0,0.004456956055728718,13.891467571214472,764.1867098787465,0.9970660174159252,0.0,32.0,1760.0,1265.0
JU_MAIN,2026-07-12,128.7526767648601,120.46174292098023,137.04361060873998,5.040529873315274,124,138,23.99,0.0,festive,106,138,8.39624542800145,0.10531158412156588,299.66072710673683,0.95,0.04999999999999982,0.95,True,14.0,0.0,490.0,3.2680388027113796e-06,22.7526800328989,1251.3975161907977,0.9999968183701091,0.0,18.0,990.0,500.0
JU_MAIN,2026-07-13,148.8929667899339,140.602032946054,157.18390063381378,5.040529873315274,153,166,18.17,0.0,regular,148,158,8.39624542800145,0.10531158412156588,299.66072710673683,0.95,0.04999999999999982,0.95,True,5.0,0.0,175.0,1.5958702737905814,2.488837063724475,192.7414980875165,0.5703075925221213,0.0,5.0,275.0,100.0
JU_MAIN,2026-07-14,147.39087400959352,139.09994016571363,155.6818078534734,5.040529873315274,169,181,12.83,0.0,regular,130,156,8.39624542800145,0.10531158412156588,299.66072710673683,0.95,0.04999999999999982,0.95,True,0.0,13.0,715.0,0.00035894293748778543,17.391232952531002,956.5303753920172,0.99971992209701,0.0,39.0,2145.0,1430.0
JU_MAIN,2026-07-15,148.34499290512127,140.0540590612414,156.63592674900116,5.040529873315274,158,191,24.92,0.0,regional_special,158,157,8.39624542800145,0.10531158412156588,299.66072710673683,0.95,0.04999999999999982,0.95,True,0.0,1.0,55.0,9.708526194612771,0.05351909973404545,342.7419672968195,0.02771600077066194,0.0,0.0,0.0,-55.0
JU_MAIN,2026-07-16,147.46609336547635,139.17515952159647,155.75702720935624,5.040529873315274,163,170,10.03,0.0,regular,159,156,8.39624542800145,0.10531158412156588,299.66072710673683,0.95,0.04999999999999982,0.95,True,0.0,7.0,385.0,11.55300900552537,0.01910237100172313,405.4059455984827,0.011061978872142442,0.0,4.0,220.0,-165.0
JU_MAIN,2026-07-17,149.54941794999934,141.25848410611945,157.84035179387922,5.040529873315274,140,155,13.57,0.0,comfort_food,120,158,8.39624542800145,0.10531158412156588,299.66072710673683,0.95,0.04999999999999982,0.95,True,18.0,0.0,630.0,1.8613868738789318e-09,29.549417951860725,1625.2179874174883,0.9999999977183754,0.0,20.0,1100.0,470.0
JU_MAIN,2026-07-18,135.56510187689287,127.274168033013,143.85603572077275,5.040529873315274,137,155,20.39,0.0,light_weekend,149,144,8.39624542800145,0.10531158412156588,299.66072710673683,0.95,0.04999999999999982,0.95,True,7.0,0.0,245.0,13.440879206432536,0.005981083325403758,470.75973180803595,0.0038451352598460886,12.0,0.0,420.0,175.0
JU_MAIN,2026-07-19,123.7430883736836,115.45215452980374,132.0340222175635,5.040529873315274,121,134,9.86,0.0,festive,124,133,8.39624542800145,0.10531158412156588,299.66072710673683,0.95,0.04999999999999982,0.95,True,12.0,0.0,420.0,2.14194771923454,1.8850360929181451,178.64515528370688,0.47967504350721457,3.0,0.0,105.0,-315.0
JU_MAIN,2026-07-20,141.82173152414188,133.530797680262,150.11266536802177,5.040529873315274,176,193,9.35,0.0,protein_rich,153,151,8.39624542800145,0.10531158412156588,299.66072710673683,0.95,0.04999999999999982,0.95,True,0.0,25.0,1375.0,11.201690330295584,0.023421854437465306,393.34736355440606,0.0132884229285265,0.0,23.0,1265.0,-110.0
JU_MAIN,2026-07-21,139.22723743841277,130.9363035945329,147.51817128229266,5.040529873315274,159,162,4.1,0.0,regular,169,148,8.39624542800145,0.10531158412156588,299.66072710673683,0.95,0.04999999999999982,0.95,True,0.0,11.0,605.0,29.772762563001503,1.4142742245558491e-09,1042.0466897828376,1.7454266920680084e-09,10.0,0.0,350.0,-255.0
JU_MAIN,2026-07-22,140.26203999397455,131.97110615009467,148.55297383785444,5.040529873315274,114,124,9.92,0.0,regional_special,158,149,8.39624542800145,0.10531158412156588,299.66072710673683,0.95,0.04999999999999982,0.95,True,35.0,0.0,1225.0,17.73823320595472,0.0002731999292744994,620.8531882045254,0.00021653404010679722,44.0,0.0,1540.0,315.0
JU_MAIN,2026-07-23,144.55581981309405,136.26488596921416,152.84675365697393,5.040529873315274,147,152,0.0,0.0,comfort_food,163,153,8.39624542800145,0.10531158412156588,299.66072710673683,0.95,0.04999999999999982,0.95,True,6.0,0.0,210.0,18.444334904200208,0.00015471729425364485,645.5602310981913,0.00012651432652410755,16.0,0.0,560.0,350.0
JU_MAIN,2026-07-24,137.37896416419565,129.08803032031577,145.66989800807553,5.040529873315274,144,155,6.25,0.0,regular,140,146,8.39624542800145,0.10531158412156588,299.66072710673683,0.95,0.04999999999999982,0.95,True,2.0,0.0,70.0,3.5872971362524018,0.9662613004480527,178.69977129347697,0.301534532217829,0.0,4.0,220.0,150.0
JU_MAIN,2026-07-25,128.36635596537923,120.07542212149936,136.6572898092591,5.040529873315274,122,129,8.5,0.0,light_weekend,137,137,8.39624542800145,0.10531158412156588,299.66072710673683,0.95,0.04999999999999982,0.95,True,15.0,0.0,525.0,8.722977698840968,0.08933366422019551,310.2175709915446,0.04337057247099174,15.0,0.0,525.0,0.0
JU_MAIN,2026-07-26,111.56440392352567,103.2734700796458,119.85533776740554,5.040529873315274,128,138,5.63,0.0,light_weekend,121,120,8.396245428001436,0.10531158412156694,299.66072710673643,0.95,0.050000000000000044,0.95,True,0.0,8.0,440.0,9.4955091836124,0.059913107138074906,335.6380423190281,0.030607087541999922,0.0,7.0,385.0,-55.0
JU_MAIN,2026-07-27,145.055575977881,136.76464213400112,153.3465098217609,5.040529873315274,159,167,14.25,0.0,protein_rich,176,154,8.39624542800145,0.10531158412156588,299.66072710673683,0.95,0.04999999999999982,0.95,True,0.0,5.0,275.0,30.944424022443584,3.245923107279373e-10,1083.0548408033778,4.1489611746214905e-10,17.0,0.0,595.0,320.0
JU_MAIN,2026-07-28,140.22381590663514,131.93288206275525,148.51474975051502,5.040529873315274,130,126,0.0,4.0,regular,159,149,8.39624542800145,0.10531158412156588,299.66072710673683,0.95,0.04999999999999982,0.95,True,19.0,0.0,665.0,18.776301794406045,0.0001177010411817891,657.1770363614767,9.764145932933399e-05,29.0,0.0,1015.0,350.0
JU_MAIN,2026-07-29,140.8915594320519,132.60062558817202,149.1824932759318,5.040529873315274,136,134,0.0,2.0,regional_special,114,150,8.39624542800145,0.10531158412156588,299.66072710673683,0.95,0.04999999999999982,0.95,True,14.0,0.0,490.0,4.23952559889305e-08,26.891559474447163,1479.035772578428,0.9999999522450885,0.0,22.0,1210.0,720.0
JU_MAIN,2026-07-30,140.8735425033134,132.5826086594335,149.16447634719327,5.040529873315274,149,152,6.61,0.0,regular,147,150,8.39624542800145,0.10531158412156588,299.66072710673683,0.95,0.04999999999999982,0.95,True,1.0,0.0,35.0,6.400404602144814,0.273947105458202,239.0812518752696,0.11209931615347002,0.0,2.0,110.0,75.0
JU_MAIN,2026-07-31,144.5792882884337,136.28835444455382,152.8702221323136,5.040529873315274,126,144,19.45,0.0,comfort_food,144,153,8.39624542800145,0.10531158412156588,299.66072710673683,0.95,0.04999999999999982,0.95,True,27.0,0.0,945.0,1.734501596710555,2.313789885144257,187.96599956780355,0.5457481393858106,18.0,0.0,630.0,-315.0
JU_MAIN,2026-08-01,140.849965229699,132.5590313858191,149.14089907357888,5.040529873315274,150,171,25.93,0.0,festive,122,150,8.39624542800145,0.10531158412156588,299.66072710673683,0.95,0.04999999999999982,0.95,True,0.0,0.0,0.0,0.00011070220515421703,18.85007593190415,1036.7580508319086,0.9999078724097222,0.0,28.0,1540.0,1540.0
JU_MAIN,2026-08-02,112.04145157676503,103.75051773288516,120.3323854206449,5.040529873315274,89,98,6.77,0.0,light_weekend,128,121,8.396245428001436,0.10531158412156694,299.66072710673643,0.95,0.050000000000000044,0.95,True,32.0,0.0,1120.0,15.959606951287308,0.0010585280523358626,558.6444623379342,0.0007726323123123935,39.0,0.0,1365.0,245.0
JU_MAIN,2026-08-03,143.64496455192563,135.35403070804574,151.9358983958055,5.040529873315274,149,161,10.67,0.0,regular,159,152,8.39624542800145,0.10531158412156588,299.66072710673683,0.95,0.04999999999999982,0.95,True,3.0,0.0,105.0,15.356669462251661,0.0016340141772858835,537.5733019585589,0.0011583297878793308,10.0,0.0,350.0,245.0
JU_MAIN,2026-08-04,140.49976460345457,132.20883075957468,148.79069844733445,5.040529873315274,146,138,0.0,8.0,regular,130,149,8.39624542800145,0.10531158412156588,299.66072710673683,0.95,0.04999999999999982,0.95,True,3.0,0.0,105.0,0.034160579445865064,10.53392518290043,580.561505340129,0.9813774701564271,0.0,16.0,880.0,775.0
JU_MAIN,2026-08-05,140.35024198015003,132.05930813627015,148.64117582402992,5.040529873315274,134,128,0.0,6.0,regional_special,136,149,8.39624542800145,0.10531158412156588,299.66072710673683,0.95,0.04999999999999982,0.95,True,15.0,0.0,525.0,0.5414301471545452,4.8916721273045765,287.99202215216076,0.805945702715714,2.0,0.0,70.0,-455.0
JU_MAIN,2026-08-06,140.9244693954242,132.63353555154433,149.2154032393041,5.040529873315274,132,143,5.67,0.0,regular,149,150,8.39624542800145,0.10531158412156588,299.66072710673683,0.95,0.04999999999999982,0.95,True,18.0,0.0,630.0,8.192098282379575,0.11656767780378563,293.1346621624934,0.05456460641230543,17.0,0.0,595.0,-35.0
JU_MAIN,2026-08-07,140.85931305655157,132.5683792126717,149.15024690043145,5.040529873315274,137,143,9.97,0.0,regular,126,150,8.39624542800145,0.10531158412156588,299.66072710673683,0.95,0.04999999999999982,0.95,True,13.0,0.0,455.0,0.0023121774076123,14.861625233959183,817.4703140770215,0.9984006412139566,0.0,11.0,605.0,150.0
JU_MAIN,2026-08-08,144.59281831483491,136.30188447095503,152.8837521587148,5.040529873315274,157,177,17.86,0.0,festive,150,153,8.39624542800145,0.10531158412156588,299.66072710673683,0.95,0.04999999999999982,0.95,True,0.0,4.0,220.0,5.772113112090305,0.36493142692521996,222.09518740404778,0.14169373065371604,0.0,7.0,385.0,165.0
JU_MAIN,2026-08-09,113.36262237218511,105.07168852830524,121.65355621606498,5.040529873315274,92,95,3.03,0.0,light_weekend,89,122,8.396245428001436,0.10531158412156694,299.66072710673643,0.95,0.050000000000000044,0.95,True,30.0,0.0,1050.0,6.500228847113198e-07,24.362623022208,1339.9442889722409,0.9999993287125841,0.0,3.0,165.0,-885.0
JU_MAIN,2026-08-10,143.82360105196216,135.53266720808227,152.11453489584204,5.040529873315274,135,140,5.01,0.0,protein_rich,149,153,8.39624542800145,0.10531158412156588,299.66072710673683,0.95,0.04999999999999982,0.95,True,18.0,0.0,630.0,5.575235838959468,0.3988368909216261,217.06928336427083,0.15222075268114088,14.0,0.0,490.0,-140.0
JU_MAIN,2026-08-11,140.7876850041764,132.49675116029653,149.0786188480563,5.040529873315274,151,148,6.17,3.0,regular,146,150,8.39624542800145,0.10531158412156588,299.66072710673683,0.95,0.04999999999999982,0.95,True,0.0,1.0,55.0,5.605714773375103,0.39339977755151356,217.8370048334619,0.15054920344918443,0.0,5.0,275.0,220.0
JU_MAIN,2026-08-12,140.01073810194697,131.7198042580671,148.30167194582685,5.040529873315274,146,155,11.22,0.0,regional_special,134,149,8.39624542800145,0.10531158412156588,299.66072710673683,0.95,0.04999999999999982,0.95,True,3.0,0.0,105.0,0.2871747087090465,6.297912810656015,356.43631939089744,0.8834637294703807,0.0,12.0,660.0,555.0
JU_MAIN,2026-08-13,141.37977783922707,133.0888439953472,149.67071168310696,5.040529873315274,144,161,13.93,0.0,regular,132,150,8.39624542800145,0.10531158412156588,299.66072710673683,0.95,0.04999999999999982,0.95,True,6.0,0.0,210.0,0.061643070361521335,9.441420909588595,521.435657490026,0.9686188296608472,0.0,12.0,660.0,450.0
JU_MAIN,2026-08-14,142.45290602306108,134.1619721791812,150.74383986694096,5.040529873315274,129,131,3.45,0.0,comfort_food,137,151,8.39624542800145,0.10531158412156588,299.66072710673683,0.95,0.04999999999999982,0.95,True,22.0,0.0,770.0,0.35849896241645884,5.811404985477534,332.17473788584044,0.8603319774185381,8.0,0.0,280.0,-490.0
JU_MAIN,2026-08-15,118.56392943734409,110.27299559346422,126.85486328122396,5.040529873315274,88,85,0.0,3.0,light_weekend,157,127,8.396245428001436,0.10531158412156694,299.66072710673643,0.95,0.050000000000000044,0.95,True,39.0,0.0,1365.0,38.43607056265592,5.910328395067109e-15,1345.2624696929574,1.2212453270876722e-14,69.0,0.0,2415.0,1050.0
JU_MAIN,2026-08-16,112.77407877747865,104.48314493359878,121.06501262135852,5.040529873315274,123,127,1.41,0.0,light_weekend,92,122,8.396245428001436,0.10531158412156694,299.66072710673643,0.95,0.050000000000000044,0.95,True,0.0,1.0,55.0,2.0885517023237266e-05,20.774099662995674,1142.576212457858,0.9999811717854152,0.0,31.0,1705.0,1650.0
JU_MAIN,2026-08-17,143.41673894982497,135.1258051059451,151.70767279370486,5.040529873315274,133,142,6.39,0.0,protein_rich,135,152,8.39624542800145,0.10531158412156588,299.66072710673683,0.95,0.04999999999999982,0.95,True,19.0,0.0,665.0,0.09918104688264057,8.515919996707614,471.8469364598112,0.9525217502906036,2.0,0.0,70.0,-595.0
JU_MAIN,2026-08-18,144.07113384036336,135.78019999648347,152.36206768424324,5.040529873315274,143,132,0.0,11.0,comfort_food,151,153,8.39624542800145,0.10531158412156588,299.66072710673683,0.95,0.04999999999999982,0.95,True,10.0,0.0,350.0,7.124265595888208,0.19539943625156764,260.0962648499235,0.08462301210041656,8.0,0.0,280.0,-70.0
JU_MAIN,2026-08-19,140.54482459202,132.25389074814012,148.8357584358999,5.040529873315274,140,157,16.26,0.0,regional_special,146,149,8.39624542800145,0.10531158412156588,299.66072710673683,0.95,0.04999999999999982,0.95,True,9.0,0.0,315.0,5.8133575233982695,0.35818211541827627,223.16752966694463,0.13956799838266964,6.0,0.0,210.0,-105.0
JU_MAIN,2026-08-20,141.8868852501552,133.5959514062753,150.17781909403507,5.040529873315274,163,178,13.31,0.0,comfort_food,144,151,8.39624542800145,0.10531158412156588,299.66072710673683,0.95,0.04999999999999982,0.95,True,0.0,12.0,660.0,3.2416001357859394,1.128485385941128,175.52270097926993,0.3375259519580138,0.0,19.0,1045.0,385.0
JU_MAIN,2026-08-21,142.28438917330965,133.99345532942976,150.57532301718953,5.040529873315274,149,151,4.91,0.0,regular,129,151,8.39624542800145,0.10531158412156588,299.66072710673683,0.95,0.04999999999999982,0.95,True,2.0,0.0,70.0,0.0065862001494351105,13.290975373459084,731.2341625454799,0.9957995072108481,0.0,20.0,1100.0,1030.0
JU_MAIN,2026-08-22,140.9354485693952,132.6445147255153,149.22638241327508,5.040529873315274,143,152,13.4,0.0,festive,88,150,8.39624542800145,0.10531158412156588,299.66072710673683,0.95,0.04999999999999982,0.95,True,7.0,0.0,245.0,1.995077091725587e-26,52.93544856939519,2911.4496713167355,1.0,0.0,55.0,3025.0,2780.0
JU_MAIN,2026-08-23,114.66113437934636,106.3702005354665,122.95206822322623,5.040529873315274,105,112,1.63,0.0,light_weekend,123,123,8.396245428001436,0.10531158412156694,299.66072710673643,0.95,0.050000000000000044,0.95,True,18.0,0.0,630.0,8.441803998116981,0.10293837746334633,301.1247506945784,0.04902689986401709,18.0,0.0,630.0,0.0
JU_MAIN,2026-08-24,143.52350442132723,135.23257057744735,151.81443826520712,5.040529873315274,117,117,0.0,0.0,protein_rich,133,152,8.39624542800145,0.10531158412156588,299.66072710673683,0.95,0.04999999999999982,0.95,True,35.0,0.0,1225.0,0.03372102319588868,10.557225444523121,581.8276352606277,0.9815910410440956,16.0,0.0,560.0,-665.0
